DDATETIME,RECID,CONTENTS
"2018-12-08 16:05:00",110946,"【深圳市天气提示】#9-10日阴天有雨天气较寒冷#9日阴天有小雨，局部中雨，气温逐渐下降到11-12℃，天气渐转阴冷；10日早晨最低气温10-11℃；另外9-10日沿海和高地有6-8级偏北风；11日阴天间多云；12-13日受新一股冷空气影响，转干冷天气，最低气温降到10℃或以下，白天可见阳光；14日起冷空气影响趋于结束，早晚清凉，白天温暖。深圳市气象台2018年12月08日16时05分发布"
"2018-12-15 16:00:00",111246,"【深圳市天气提示】#未来三天空气干燥，白天温暖#16日多云到晴天，气温16-23℃，早晚清凉；17-18日天晴干燥，日温差较大；19-22日多云为主，早晚有轻雾，天气温暖。火险预警信号生效中，需注意防火。深圳市气象台2018年12月15日16时发布"
"2018-12-19 16:15:00",111426,"【深圳市天气提示】#未来3天气温继续回升，早晚有轻雾#20日多云，19-25℃；21-22日多云间阴天，天气温暖，早晚有轻雾；23-24日受弱冷空气影响，有零星小雨，气温略降；25日可见阳光；展望26日起受新一股冷空气影响，气温下降。深圳市气象台2018年12月19日16时15分发布"
"2018-12-24 16:00:00",111646,"【深圳市天气提示】#明日天气回暖，27日起气温逐日下降#25-26日多云间阴天，可见阳光，早晚有轻雾，25日气温16-22℃；受冷空气持续影响，27-28日云量增多，北风加大，有分散小雨，气温逐渐下降；29日起将出现持续阴冷天气，北风强劲，最低气温将降至10℃以下。深圳市气象台2018年12月24日16时发布"
"2018-12-27 16:00:00",111806,"【深圳市天气提示】#28日起我市气温明显下降，29日至元月3日天气寒冷#预计28日起我市受冷空气持续影响，气温明显下降，29日-元月3日天气寒冷，间中有小雨、天气阴冷，期间最低气温7-8℃左右，沿海及高地最大阵风7-9级。建议提前做好防寒救助、疾病预防和一氧化碳中毒、大风等防范、宣传和管理工作。深圳市气象台2018年12月27日16时00分发布"
"2019-01-03 16:00:00",112146,"【深圳市天气提示】#寒冷天气结束，明后天有轻微回南#4-5日温度和湿度明显上升，早晚有轻雾，其中4日气温14-18℃；5日下午到9日受弱冷空气影响，气温小幅波动，早晚有轻雾，间中有小雨，部分时间可见阳光。未来一周早晚能见度下降，湿度加大，建议做好防范低能见度和潮湿天气的管理工作。深圳市气象台2019年01月03日16时00分发布"
"2019-01-15 16:05:00",112686,"【深圳市天气提示】#16-17日天气清凉#16-17日受冷空气影响，阴天，间中有小雨，气温下降，最低气温12℃左右，沿海和高地阵风6-7级，16日气温13-18℃；18-20日间中有小雨，气温回升；21日阴天有小雨转多云，气温下降；22日起天气晴朗干燥。请注意低能见度对海陆交通的影响，气温变化大，注意疾病预防。深圳市气象台2019年01月15日16时05分发布"
"2019-01-16 15:35:00",112747,"【深圳市天气提示】#未来两天阳光增多#17-18日转多云可见阳光，早晚较冷，沿海高地有5-6级阵风，17日气温13-19℃；19-20日气温回升，湿度上升，早晚有轻雾，间中有零星小雨；21日受新一股冷空气影响，阴天有小雨气温下降；展望22日起天气晴朗干燥。冷暖转换节奏快，注意疾病预防。深圳市气象台2019年01月16日16时发布"
"2019-01-17 16:00:00",112806,"【深圳市天气提示】#18-19可见阳光#18-19日多云间阴天，可见阳光，早晚清凉，18日气温14-21℃；20日阴天间多云，间中有零星小雨，气温回升，天气温暖，早晚有轻雾；21日受新一股冷空气影响，阴天有小雨气温下降；展望22日起天气晴朗干燥。未来几天冷暖转换节奏快，注意疾病预防。深圳市气象台2019年01月17日16时00分发布"
"2019-01-19 16:00:00",112927,"【深圳市天气提示】#明天夜间冷空气来深#20日阴天间多云，有轻雾或霾，偶有零星小雨，气温17-23℃；21日受冷空气影响，有分散小雨，气温下降，北风加大，沿海和高地最大阵风7级左右，22日起转晴朗干燥，22-23日早晨最低气温降至10℃左右，24-26日维持晴朗干燥，日温差大，早晚较冷。下周初沿海和高地注意防风；下周的日温差大，注意疾病预防。深圳市气象台2019年01月19日16时00分发布"
"2019-01-23 15:40:00",113127,"【深圳市天气提示】#未来五日天晴有霾#23-28日大致天晴，部分时间有轻微到轻度霾，24日早晨气温13-21℃，昼夜温差大，26-27日受弱冷空气影响气温下降1-2℃；29日起云量增多，湿度上升，早晚雾气加重，白天有灰霾。天气持续干燥，日温差大，需加强疾病预防和防火安全宣传和管理工作。深圳市气象台2019年01月23日15时50分发布"
"2019-01-24 16:05:00",113187,"【深圳市天气提示】#未来5天火险预警信号持续#25日天晴干燥，早晚有轻雾，白天有轻微到轻度霾，气温14-24℃；26-27日受弱冷空气影响，持续晴朗干燥，气温略降2℃左右；28-30日云量增多；31日-2月1日湿度上升，偶有零星小雨，早晚雾气加重。天气持续干燥，日温差大，需加强疾病预防和防火安全宣传和管理工作。深圳市气象台2019年01月24日16时05分发布"
"2019-01-29 15:30:00",113427,"【深圳市天气提示】#31日起阳光减少，早晚能见度较差#预计30日多云可见阳光，湿度上升，有轻雾或霾，气温16-23℃；31日多云转阴天，偶有零星小雨；2月1日受冷空气影响，有分散小雨，沿海和高地最大阵风7级，气温下降，天气转凉；2-3日多云，早晚有轻雾，气温上升；4-5日阴天间多云，有轻雾和短时小雨。注意防范雨雾低能见度天气对交通的不利影响。深圳市气象台2019年01月29日15时30分发布"
"2019-03-02 15:35:00",115106,"【深圳市天气提示】#明日有雷雨#3日有中雨局部大雨，伴雷暴，雷雨时局地有7级左右短时大风，主要降水时段上午至中午，气温18-23℃；4日部分时间可见阳光，早晚清凉有轻雾；5-9日云量较多，间中有阵雨。明日降雨可能伴有强对流天气，请注意防范。深圳市气象台2019年03月02日15时35分发布"
"2019-02-26 15:30:00",114907,"【深圳市天气提示】#天气渐趋温暖湿润，早晚有轻雾或雾#27日多云，气温18-25℃；28日-3月2日部分可见阳光，气温回升、天气暖湿，有轻雾或雾；3日转阵雨，4日气温略降。关注早晚（雨）雾导致的低能见度对交通的影响。深圳市气象台2019年02月26日15时30分发布"
"2019-02-27 15:50:00",114947,"【深圳市天气提示】#未来三天天气暖湿，早晚能见度较低#28日至3月2日可见阳光，早晚有轻雾或雾，28日气温20-27℃；3-4日弱冷空气影响，阴天有小雨，气温下降，天气转凉，沿海和高地阵风6-7级；5-6日有阵雨。关注（雨）雾导致的低能见度对交通的影响。深圳市气象台2019年02月27日15时50分发布"
"2019-03-03 16:10:00",115146,"【深圳市天气提示】#下周中后期多降雨#4-5日多云间阴天，有分散小雨，部分时间可见阳光，4日气温16-23℃，早晨清凉；6-10日冷暖空气交替影响，云量较多，降雨频繁，间中有雷雨，天气清凉。下周请注意防范短时强降雨和雷暴，及降雨导致的低能见度天气。深圳市气象台2019年03月03日16时10分发布"
"2018-12-14 15:50:00",111206,"【深圳市天气提示】#15日起阳光增多，气温回升#15-16日多云，可见阳光，早晚清凉，15日气温14-20℃；17-18日晴天间多云，空气干燥，沿海和高地阵风6-7级，早晚清凉，白天温暖；19-22日多云间晴天，天气温暖。空气渐趋干燥，需注意防火。深圳市气象台2018年12月14日15时50分发布"
"2018-12-17 16:05:00",111366,"【深圳市天气提示】#明天持续干燥#18日晴天转多云，气温13-22℃；19日阴天有零星小雨；20-21日阴天间多云，早晚有轻雾，气温逐日回升；22-24日受弱冷空气影响，阴天间多云，间中有零星小雨，气温略降。深圳市气象台2018年12月17日16时05分发布"
"2018-12-20 15:35:00",111466,"【深圳市天气提示】#未来两日温暖湿润#21-22日多云间阴天，早晚有轻雾，天气温暖空气湿润，21日气温20-26℃；23-24日受弱冷空气影响，有分散小雨，气温小幅下降；25-26日多云可见阳光；27日起受不断补充的冷空气影响，气温逐日下降，天气明显转冷。早晚能见度较低，请注意交通安全。深圳市气象台2018年12月20日15时35分发布"
"2018-12-25 16:00:00",111686,"【深圳市天气提示】#明日继续回暖#26日多云可见阳光，早晚有轻雾或雾，气温17-24℃； 27-28日寒潮前锋进入广东，我市多云转阴天，气温略降； 29日-元月2日冷空气持续影响，我市气温显著下降，并伴有小雨和大风，沿海和高地最大阵风可达7-9级，最低气温将降至7-8℃，北部和山地5℃左右。阴雨大风寒冷天气将持续5天左右，建议提前做好防寒救助、疾病预防、防一氧化碳中毒、防范持续大风等宣传和管理工作。深圳市气象台2018年12月25日16时00分发布"
"2018-12-28 16:05:00",111846,"【深圳市天气提示】#29日至元月3日天气持续寒冷#受冷空气影响，29日多云间阴天，北风强劲，最低气温降至10℃或以下，寒冷天气将持续至元月3日前后，过程最低气温7-8℃ ，间中有小雨，沿海及高地最大阵风7-9级。市气象台已发布寒冷黄色预警信号，寒冷预警信号将持续6天左右，建议继续做好防寒救助、疾病预防和一氧化碳中毒、大风等防范、宣传和管理工作。深圳市气象台2018年12月28日16时05分发布"
"2019-01-01 16:05:00",112066,"【深圳市天气提示】#2-3日天气阴冷，有分散小雨#2日阴天转分散小雨，东部沿海最大阵风6-7级，9-13℃；4-5日阴天间多云，偶有零星小雨，早晚有轻雾，气温明显回升；6-8日多云到晴天，气温小幅波动。2-3日天气阴冷请继续做好防寒救助、防一氧化碳中毒等宣传和管理工作。深圳市气象台2019年1月1日16时发布"
"2019-01-08 16:00:00",112346,"【深圳市天气提示】#明后两天天气阴凉#9-10日阴天，有分散小雨，早晚有轻雾，日温差小，9日气温17-20℃；11-14日多云间阴天，可见阳光，早晚有轻雾，天气温暖湿润；15日起受新一轮冷空气影响，气温下降。深圳市气象台2019年01月08日16时00分发布"
"2019-01-09 16:20:00",112386,"【深圳市天气提示】#未来5天气温回升天气趋温暖#10日阴天间多云，有零星小雨，早晚有轻雾，气温17-22℃；11-14日多云间阴天，可见阳光，天气温暖，早晚较湿润；15日起受新一轮冷空气影响，气温下降。深圳市气象台2019年01月09日16时20分发布"
"2019-01-10 16:05:00",112426,"【深圳市天气提示】#未来4-5日早晚能见度低#11日阴天，早晚有轻雾或霾，气温18-25℃；12-15日多云间阴天，早晚能见度低，可见阳光，天气平稳，气温小幅波动；15日夜间起受新一轮冷空气影响，阴天伴有分散小雨，北风加大，气温下降。深圳市气象台2019年01月10日16时10分发布"
"2019-01-11 15:45:00",112466,"【深圳市天气提示】#12-15日早晚能见度低#12日可见阳光，有轻雾和轻度至中度霾，温暖湿润，气温19-27℃；13-15日可见阳光，早晚有轻雾，温暖湿润；16-17日受冷空气影响，阴天有分散小雨，沿海和高地阵风6-7级，天气转阴凉。注意防范低能见度对海陆交通的影响。深圳市气象台2019年01月11日15时45分发布"
"2019-01-12 15:45:00",112526,"【深圳市天气提示】#13-15日天气温暖，部分时间能见度低#13-15日多云，可见阳光，有轻雾或霾，气温小幅度波动，13日气温20-24℃；16-17日受冷空气影响，阴天有分散小雨，沿海和高地阵风6-7级，气温下降，能见度逐渐好转。18-19日多云到阴天，气温回升。请注意防范低能见度对海陆交通的影响。深圳市气象台2019年01月12日16时发布"
"2019-01-14 15:45:00",112626,"【深圳市天气提示】#16日天气显著转凉#15日阴天，有轻雾和零星小雨，雨时能见度低，气温17-21℃；16-17日受冷空气影响，阴天有小雨，气温下降，最低气温12℃左右，沿海和高地阵风6-7级；18-20日间中有小雨，气温回升；21日转多云可见阳光。请注意低能见度对海陆交通的影响，气温变化大，注意疾病预防。深圳市气象台2019年01月14日15时45分发布"
"2019-01-18 16:00:00",112886,"【深圳市天气提示】#19-20日气温回升湿度增大 20日夜间起冷空气影响#19-20日多云、短暂时间可见阳光，湿度增大、有分散小雨，早晚有轻雾；20日夜间受冷空气影响，有小雨、气温下降、北风加大，22日转晴朗干燥天气，22-23日最低气温降至10-12℃。21-22日部分时段沿海阵风可达7级左右，注意防风；冷暖转换快，注意疾病预防。深圳市气象台2019年01月18日16时00分发布"
"2019-01-22 15:20:00",113066,"【深圳市天气提示】预计23-25日深圳天晴干燥，部分时间有霾，早晚气温低；广东中北有5℃以下低温，高寒山区有霜（冰）冻，粤西沿海有轻雾或雾。今年春运期间天气对交通影响与去年相当。返乡时段南方前期天晴干燥，后期自北向南有2次雨雪天气出现在1月27-29日和2月1-3日，其中2月1-3日广东、广西中北部有小到中雨；江西、福建高寒山区有道路冰冻；贵州、湖南部分地区有冻雨。重点关注2月初周边省市雨雪天气对北上交通的影响。深圳市气象台2019年01月22日15时20分发布"
"2019-01-25 15:40:00",113247,"【深圳市天气提示】#周末至下周初持续晴朗干燥#26日天晴干燥，沿海及高地阵风可达7级左右，气温13-23℃；27-28日持续晴朗干燥，早晚清凉、昼夜温差可达10℃左右；29日起云量逐渐增多、空气湿度加大，31日早晚雾气加重，偶有零星小雨。至28日我市持续晴朗干燥、适宜洗晒，但需注意防火。深圳市气象台2019年01月25日15时40分发布"
"2019-01-28 16:15:00",113367,"【深圳市天气提示】#明日干燥天气持续，需注意防火安全#29日多云间晴天，日温差较大，气温15-23℃；30-31日云量增多，偶有零星小雨，湿度上升，能见度下降；2月1-2日受冷空气影响，北风加大，气温下降，有零星小雨；3日转多云，有轻雾或霾。干燥天气持续，请注意防火安全管理。深圳市气象台2019年01月28日16时15分发布"
"2019-01-30 15:55:00",113486,"【深圳市天气提示】#未来一周云量多湿度大#预计31日阴天间多云，偶有零星小雨，有轻雾或轻微霾，气温16-25℃；1-5日阴天间多云，部分时间可见阳光，间中有零星小雨，气温小幅波动，其中1日受冷空气影响，沿海和高地偏北风最大阵风7级，最低气温略降3℃左右，3-4日暖湿气流加强，早晚有轻雾或雾。注意防范雨雾低能见度天气对交通的不利影响。深圳市气象台2019年01月30日15时55分发布"
"2019-01-31 15:55:00",113547,"【深圳市天气提示】#未来5天云多湿度加大#预计1日受冷空气影响，多云，沿海和高地最大偏北阵风6-7级，气温14-22℃，早晨较凉；2-4日阴天间多云，部分时间可见阳光，间中有零星小雨，气温回升，4日早晚有轻雾或雾；5-6日多云可见阳光，气温小幅波动。注意防范低能见度天气对交通的不利影响。深圳市气象台2019年01月31日15时55分发布"
"2019-02-01 16:05:00",113627,"【深圳市天气提示】#年廿八至初一气温回升偶有零星小雨和轻雾#预计2-5日（年廿八至初一）阴天到多云，部分时间可见阳光，气温大致回升，湿度上升，间中有零星小雨和轻雾；6-8日（初二至初四）可见阳光，天气温暖。注意防范雨雾低能见度天气对交通的不利影响。深圳市气象台2019年02月01日16时05分发布"
"2018-12-06 15:50:00",110847,"【深圳市天气提示】#7日起气温逐日下降#7-8日阴天有分散小雨，沿海和高地阵风7-8级，7日气温从22℃逐渐下降到16℃左右，日温差小，天气阴凉；9-10日冷空气补充影响，阴天有小雨，气温进一步下降，10日最低气温10-11℃，天气阴冷；11日气温略有回升；12日起受另一股冷空气影响，转干冷天气，可见阳光。深圳市气象台2018年12月06日15时50分发布"
"2018-12-10 16:05:00",111046,"【深圳市天气提示】#寒冷天气将持续至13日#11日阴天间多云为主，傍晚前后新一股冷空气补充影响，北风加大，沿海和高地最大阵风6-7级，气温12-17℃；12-13日阴天间多云，日温差小，最低气温10℃或以下，天气阴冷；14日起多云，大部分时间可见阳光，气温逐步回升，天气渐趋温暖。深圳市气象台2018年12月10日16时发布"
"2018-12-11 15:30:00",111086,"【深圳市天气提示】#寒冷天气将持续至13日#预计12-13日受冷空气补充影响，我市阴天间多云，沿海和高地最大阵风7-8级，12日气温10-14℃，寒冷持续；14-16日冷空气减弱，转多云可见阳光，气温逐步回升，天气渐趋温暖；展望17-18日，空气转干燥，天气晴朗，气温略降。请继续做好防寒保暖及防范一氧化碳中毒的宣传管理工作。深圳市气象台2018年12月11日16时发布"
"2018-12-18 16:05:00",111386,"【深圳市天气提示】#未来3-4天气温继续回升#19日多云，16-23℃；20-22日多云间阴天，早晚有轻雾；23日阴天间多云，偶有零星小雨，气温略降；24-25日多云，天气温暖。深圳市气象台2018年12月18日16时05分发布"
"2018-12-26 16:05:00",111746,"【深圳市天气提示】#27-28日气温略降，29日起天气持续寒冷#26日夜间晴天，部分时间有轻雾或轻微霾；27-28日受寒潮前锋影响，晴天到多云，风力加大，沿海和高地最大阵风6-7级，气温下降3℃左右，27日15-22℃；29日-元月2日冷空气主体影响，气温显著下降，天气寒冷，最低气温约7℃，伴有7-9级阵风和间中小雨。建议提前做好防寒救助、疾病预防、防CO中毒、防范大风等宣传和管理工作。深圳市气象台2018年12月26日16时发布"
"2019-01-02 16:10:00",112106,"【深圳市天气提示】#3日寒冷天气持续，4日气温明显回升#3日阴天间多云，有零星小雨，气温12-16℃，北部及山地再低1-2℃；4-5日多云间阴天，偶有零星小雨，早晚有轻雾，气温明显回升，寒冷天气结束；6-8日多云为主，气温小幅波动；3日天气阴冷，请继续做好防寒救助、防一氧化碳中毒等宣传和管理工作。深圳市气象台2019年01月02日16时10分发布"
"2019-01-04 15:45:00",112186,"【深圳市天气提示】#明天暖湿有轻微回南#4日夜间到5日下午部分时间可见阳光，有轻雾和轻微回南，气温17-22℃；5日傍晚至9日受弱冷空气频繁影响，气温小幅波动，早晚有轻雾，间中有零星小雨，部分时间可见阳光；10-11日多云，气温上升。建议做好防范低能见度和潮湿回南天气的不利影响。深圳市气象台2019年01月04日15时45分发布"
"2019-02-02 16:00:00",113686,"【深圳市天气提示】#年廿九至初四天气温暖#年廿九至初一（ 3-5日）多云间阴天，间中有零星小雨和轻雾或雾，气温小幅波动，3日气温18-26℃；初二至初五（ 6-9日）暖湿气流影响，多云间少云，早晚有轻雾或雾；初六（10日）前后冷空气影响，北风加大，气温下降，并伴有分散小雨。注意防范雨雾低能见度天气对交通的不利影响。深圳市气象台2019年02月02日16时00分发布"
"2019-02-03 15:40:00",113706,"【深圳市天气提示】#除夕至初五天气温暖#除夕至初一（4-5日）多云间阴天，偶有零星小雨和轻雾，4日气温17-26℃；初二至初五（ 6-9日）受暖湿气流影响，多云间少云，早晚有轻雾或雾；初六（10日）前后受冷空气影响，伴有小雨，气温下降。注意防范雨雾低能见度天气对交通的不利影响。深圳市气象台2019年02月03日15时40分发布"
"2019-02-04 16:10:00",113747,"【深圳市天气提示】#初一至初五温暖湿润，早晚能见度低#初一至初五（5-9日）深圳温暖湿润，可见阳光，早晚有轻雾或雾，初一气温18-25℃；初六（10日）起冷空气影响，伴有分散小雨，气温下降。需关注低能见度天气对交通的影响。深圳市气象台2019年02月04日16时10分发布"
"2019-02-05 16:25:00",113807,"【深圳市天气提示】#春节假期天气温暖湿润，早晚有雾#初二至初五（6-9日）天气温暖湿润，大部分时间可见阳光，初二气温18-27℃；初六至初七（10-11日）弱冷空气影响，气温略降2-3℃。需关注雾等低能见度天气的影响。深圳市气象台2019年2月5日16时25分发布"
"2019-02-06 15:55:00",113847,"【深圳市天气提示】#未来3-4天早晚舒适有雾，中午前后较热#初三至初五（7-9日）大部分时间可见阳光，早晚有轻雾或雾，初三气温20-28℃；初六至初七（10-11日）弱冷空气影响，最低气温16℃左右；初八起天气再趋温暖湿润。需关注雾等低能见度天气的影响。深圳市气象台2019年2月6日16时发布"
"2019-02-07 15:50:00",113926,"【深圳市天气提示】#春节假期中后期天气平稳，气温偏高#初四至初五（8-9日）可见阳光，早晚有轻雾，中午前后较热，初四气温20-28℃；初六至初七（10-11日）云量增多，沿海和高地最大阵风7-8级，气温略降，最低气温17℃左右；初八起气温回升，早晚舒适，中午前后较热。需关注低能见度对春运的影响。深圳市气象台2019年02月07日15时50分发布"
"2019-01-21 15:55:00",113026,"【深圳市天气提示】#未来五天天晴干燥#22-23日晴朗干燥，早晚寒冷，最低气温10-11℃，22日11-19℃，沿海和高地有6-7级阵风；24-26日晴天干燥，白天气温回升，早晚较清凉；周日27日多云，湿度上升。早晚较冷，注意疾病预防，空气趋于干燥，建议加强防火安全宣传和管理工作。深圳市气象台2019年01月21日15时55分发布"
"2019-01-26 16:00:00",113287,"【深圳市天气提示】#未来三天晴朗干燥天气持续#27-29日天晴干燥，昼暖夜寒，部分时间风力较大，沿海和高地最大阵风6级左右，27日气温13-21℃；30日起云量增多；1月31日至2月4日弱冷空气影响，气温小幅波动，偶有零星小雨。未来三天适宜除尘洗晒，但需注意防火。 深圳市气象台2019年1月26日16时发布"
"2019-02-08 15:40:00",113987,"【深圳市天气提示】#春节假期后期天气平稳#初五至初六（9-10日）云量增多，气温略降，初五（9日）18-25℃，初六（10日）18-24℃，沿海和高地最大阵风7-8级；11日多云可见阳光；12-16日气温回升，早晚有轻雾，中午前后较热。需关注低能见度、沿海大风对春运的影响。深圳市气象台2019年02月08日15时40分发布"
"2019-02-09 16:10:00",114047,"【深圳市天气提示】#初六至初七天气舒适，东风清劲 #初六至初七（2月10-11日）多云间阴天，沿海和高地最大阵风可达7-8级，初六气温18-24℃；12-16日多云，气温回升，早晚有轻雾或雾，中午前后较热。需关注低能见度、沿海大风对交通的影响。深圳市气象台2019年02月09日16时10分发布"
"2019-02-10 16:00:00",114108,"【深圳市天气提示】#未来一周深圳温暖湿润，早晚能见度低#周一（11日）阴天转多云，可见阳光，沿海和高地最大阵风可达6-7级，早晚清凉，气温17-23℃；周二至周六（12-16日）气温回升，天气温暖湿润，早晚有轻雾或雾；周日（17日）弱冷空气影响，偶有零星小雨，气温略降。需关注低能见度、沿海大风对春运交通的影响。深圳市气象台2019年02月10日16时发布"
"2019-02-11 15:40:00",114147,"【深圳市天气提示】#明日起气温逐日回升，早晚能见度逐渐转差#12-14日可见阳光，早晚有轻雾，12日气温15-21℃；15-16日多云间晴天，早晚有轻雾或雾，中午前后较热；17-18日弱冷空气影响，有分散小雨，气温下降，沿海和高地阵风7-8级。需关注低能见度、沿海大风对春运交通的影响。深圳市气象台2019年02月11日15时40分发布"
"2019-02-12 16:00:00",114206,"【深圳市天气提示】#未来四天天气暖湿#13-16日多云可见阳光，早晚有轻雾或雾，中午前后较热，13日气温18-26℃；17-18日弱冷空气影响，有分散小雨，气温略降，沿海和高地阵风7-8级。建议关注低能见度和沿海大风对春运交通的影响。深圳市气象台2019年02月12日16时00分发布"
"2018-12-21 16:00:00",111506,"【深圳市天气提示】#22日持续暖湿，23-24日弱冷空气影响#22日多云，早晚有轻雾，山地及水库周边有大雾，气温20-27℃；23-24日受弱冷空气影响，有分散小雨，气温略降3-4℃；25-26日可见阳光，气温短暂回升；27日起持续受冷空气影响，气温逐日下降，至元旦假期我市有一次阴冷天气过程。深圳市气象台2018年12月21日16时00分发布"
"2018-12-22 16:05:00",111546,"【深圳市天气提示】#明后两天偶有小雨天气阴凉#23日多云转阴天，有分散小雨，偏北风加大，沿海和高地最大阵风6-7级，白天气温徘徊在20℃左右，入夜气温降至18℃；24日分散小雨转多云，北风减弱；25-26日可见阳光，气温短暂回升，早晚有轻雾或雾；27日起持续受冷空气影响，气温逐日下降，北风加大，并伴有降雨，月底至元旦天气趋于阴冷。深圳市气象台2018年12月22日16时05分发布"
"2018-12-31 15:50:00",112006,"【深圳市天气提示】#元旦早晚寒冷白天可见阳光#1日多云，气温9-16℃；2-3日阴天有小雨，日温差小，天气阴冷；4-5日阴天间多云，间中有零星小雨，早晚有轻雾或雾，最低气温明显回升；6日受弱冷空气影响，多云间阴天，气温小幅下降。未来3天请继续做好防寒救助、防一氧化碳中毒以及防风等宣传和管理工作。深圳市气象台2018年12月31日15时50分发布"
"2019-02-13 16:00:00",114226,"【深圳市天气提示】#未来三天温暖湿润#14-16日多云可见阳光，天气暖和，早晚有轻雾或雾，14日气温19-25℃；展望未来几天，17-18日天气稍凉，有分散小雨；后期多云气温回升。需关注低能见度和潮湿天气对春运交通和日常生活的影响。深圳市气象台2019年02月13日16时00分发布"
"2019-02-14 16:00:00",114267,"【深圳市天气提示】#15-16日温暖湿润17-18日天气转凉#15-16日可见阳光，天气温暖湿润，早晚有（轻）雾，15日气温20-28℃；17-18日天气稍凉，沿海及高地阵风可达8级，18日有小到中雨；19日小雨转多云。需关注低能见度和大风对交通和户外作业安全的影响。深圳市气象台2019年02月14日16时00分发布"
"2019-02-15 15:30:00",114307,"【深圳市天气提示】#17日东风加大18-19日有雨# 16日可见阳光，暖湿有雾，气温19-25℃ ；17日起东风加大，沿海和高地最大可达7-8级，天气转凉；18-19日有小到中雨局部大雨，气温下降；20日渐转多云，有分散阵雨。新学期开学和元宵节活动注意防风防雨，春运返程关注天气对交通的影响。深圳市气象台2019年02月15日15时30分发布"
"2019-02-16 16:00:00",114347,"【深圳市天气提示】#明日东风劲天略凉#17日阴天间多云，沿海和高地偏东风最大可达8级左右，气温19-24℃，天气转凉；18-19日有小到中雨局部大雨，气温略降；20-21日多云间阴天，有分散阵雨。新学期开学和元宵节活动注意防风防雨，春运返程关注天气对交通的影响。深圳市气象台2019年02月16日16时00分发布"
"2019-02-17 16:25:00",114406,"【深圳市天气提示】#18-19日有较明显降水#18-19日我市有小到中雨局部大雨，可能伴有短时雷电，降水主要出现18日夜间到19日白天，天气阴凉，温差小，18日气温18-21℃；20-21日转多云间阴天，有分散阵雨。本次降水过程恰逢我市中小学开学和元宵佳节，下雨时对上学、上班、及市民出行有影响，请做好出行安排，携带雨具，天气较凉，注意及时添加衣物。深圳市气象台2019年02月17日16时25分发布"
"2019-02-18 16:00:00",114507,"【深圳市天气提示】#19日局部有中雨#18日夜间至19日白天我市有小雨局部中雨，19日午后降雨明显减弱，气温17-22℃；20-21日多云间阴天，局部有分散小雨；22日起弱冷空气影响，有分散小雨，气温略降；降雨将给上学、上班及市民出行带来影响，请做好相关防御。深圳市气象台2019年02月18日16时发布"
"2019-03-01 16:00:00",115066,"【深圳市天气提示】#周日有雷雨#2日多云间晴天，早晚有轻雾，20-27℃；3日有中雨，并可能伴有雷暴和短时6-7级阵风，天气清凉；4日转多云可见阳光，最低气温下降4℃，早晚清凉；5日温暖湿润；6日起间中有阵雨。周日降雨可能伴有强对流天气，请注意防范。深圳市气象台2019年3月1日16时发布"
"2019-02-19 15:50:00",114548,"【深圳市天气提示】#元宵节夜晚部分时间可见月亮#20-21日多云，部分时间有分散小雨，早晚有轻雾或雾，20日气温20-27℃；22日阴天有小雨；23-24日弱冷空气影响，持续阴雨天气，气温下降，沿海和高地阵风7-8级；25-27日可见阳光，气温上升。注意防范降雨和沿海大风对交通的影响。深圳市气象台2019年02月19日15时50分发布"
"2019-02-20 16:00:00",114607,"【深圳市天气提示】#本周后期到下周初多阴雨天清凉#21日多云转阴天，有分散阵雨，早晚有轻雾或雾，气温21-27℃；22-25日冷暖空气交替影响，阴天，间中有阵雨和短时的偏北强风，天气清凉；26-27日多云，可见阳光，气温上升。注意防范雨雾和沿海大风对交通的影响。深圳市气象台2019年02月20日16时00分发布"
"2019-02-21 16:00:00",114666,"【深圳市天气提示】#未来3天弱冷空气影响，转清凉天气#今夜（21日）偶有分散小雨；22日多云间阴天，偶有零星小雨，气温下降4℃，16-23℃；23-24日有中雨，有时雨势较大，沿海和高地有7级阵风，最低气温15℃；25日起转暖湿天气，大部分时间可见阳光。请注意雨雾天气对交通影响。深圳市气象台2019年2月21日16时发布"
"2019-02-22 15:55:00",114726,"【深圳市天气提示】#周末有中雨局部大雨#23-24日我市有中雨局部大雨，沿海和高地有7级偏东阵风，23日气温16-21℃；25日起多云可见阳光，天气温暖。请注意雨雾天气对交通影响。深圳市气象台2019年02月22日15时55分发布"
"2019-02-23 15:25:00",114787,"【深圳市天气提示】#周日小雨转阴天周一可见阳光气温回升#24日小雨转阴天，沿海和高地最大阵风7级，气温14-18℃，天气较凉；25日起多云可见阳光，气温回升；26-3月2日天气暖湿早晚有雾。关注雨雾天气对交通的影响；冷暖转换快，注意疾病控制预防。深圳市气象台2019年02月23日16时发布"
"2019-02-24 16:05:00",114828,"【深圳市天气提示】#下周可见阳光，天气温暖湿润#周一至周二（25-26日）阴天间多云，部分时间可见阳光，周一气温15-21℃ ，沿海和高地最大阵风6-7级；周三到周五（27日-3月1日）多云，可见阳光，早晚有轻雾或雾，气温回升，天气温暖湿润；周末（2-3日）转阵雨天气。关注雨雾天气对交通的影响；晴雨冷暖转换快，注意疾病防控。深圳市气象台2019年02月24日16时05分发布"
"2019-02-25 16:05:00",114867,"【深圳市天气提示】#明日短暂时间可见阳光，气温逐渐回升#26日阴天间多云，局部有零星小雨，气温15-20℃；27日-3月2日多云间阴天，可见阳光，早晚有轻雾或雾，天气温暖湿润；3月3-4日有分散小雨，气温略降。请关注低能见度和降雨天气对交通的影响；冷暖转换快，请做好相关疾病防控。深圳市气象台2019年02月25日16时05分发布"
"2019-02-28 16:05:00",115006,"【深圳市天气提示】#未来两天温暖湿润，早晚能见度较低#3月1-2日多云，部分时间可见阳光，1日气温19-25℃；3日、6日有小雨，天气稍凉；4日、5日温暖湿润；关注（雨）雾导致的低能见度对交通的影响。深圳市气象台2019年02月28日16时05分发布"
"2018-11-19 15:45:00",110006,"【深圳市天气提示】#22日明显转凉#20日至21日白天可见阳光，20日气温21-26℃；21日夜间至22日冷空气影响，有小雨，北风加大，沿海和高地阵风7-8级，天气明显转凉，最低气温降至15℃左右；23-24日转多云，气温回升；25-26日阴天有阵雨。建议做好大风防御和疾病预防工作。深圳市气象台2018年11月19日15时45分发布"
"2018-11-20 15:50:00",110086,"【深圳市天气提示】#明晚中等强度冷空气影响，22日明显转凉#21日云量增多，午后转分散小雨，21-27℃；21日夜间至22日冷空气影响，有小雨，北风加大，沿海和高地阵风7-8级，22日最低气温降至15℃左右；23-24日晴天间多云，气温回升；25-26日阴天有阵雨。沿海、高地和海上活动等需注意防风。深圳市气象台2018年11月20日15时50分发布"
"2018-11-21 16:10:00",110126,"【深圳市天气提示】#冷空气21日夜间开始影响，天气明显转凉#21日夜间到22日阴天有分散小雨转多云，气温将由22℃逐渐下降到16℃，北风加大，沿海和高地阵风7-8级；23-24日转多云，早晚清凉，白天可见阳光；25-28日阴天有小雨。建议做好大风防御和疾病预防工作。深圳市气象台2018年11月21日16时10分发布"
"2018-11-22 15:55:00",110166,"【深圳市天气提示】 #未来3天天气晴好早晚清凉#23-25日晴天间多云，早晚清凉，23日气温17-24℃；26-27日多云间阴天；28-30日阴天有分散小雨。建议做好防火安全管理。深圳市气象台2018年11月22日15时55分发布"
"2018-11-23 15:45:00",110206,"【深圳市天气提示】 #24-25日晴天干燥#24-25日晴天间多云，空气干燥，早晚清凉，24日气温17-25℃；26-30日阴天间多云，有分散小雨，雨时能见度较差。建议做好防火安全管理。深圳市气象台2018年11月23日15时45分发布"
"2018-11-24 16:00:00",110266,"【深圳市天气提示】#未来3-4天间中有小雨#25日多云转阴天，傍晚前后有零星小雨，早晚清凉，19-24℃；26-28日天空云量较多，间中有小雨，雨时能见度稍低；29日起多云，可见阳光。近期干燥少雨，降雨来临前仍需做好防火安全管理。深圳市气象台2018年11月24日16时发布"
"2018-11-25 16:05:00",110306,"【深圳市天气提示】#下周前中期云多间中有小雨天气清凉温差小，后期转多云#周一阴天，有小雨，17-22℃，周二到周四阴天为主，间中有分散小雨；周五到周日多云，可见阳光，气温回升。下周没有有效降水，大部分时间空气仍干燥，需继续做好防火安全管理。深圳市气象台2018年11月25日16时05分发布"
"2018-11-26 16:00:00",110366,"【深圳市天气提示】#明后两天阴凉有小雨#27日阴天转小雨，气温17-22℃；28日阴天有小雨；29日到12月1日阴天间多云，偶有零星小雨，部分时间可见阳光；2到3日多云，可见阳光。明后两天雨时能见度较低，请做好相关交通安全管理。深圳市气象台2018年11月26日16时00分发布"
"2018-11-27 16:00:00",110406,"【深圳市天气提示】#28日阴雨，29日降雨结束#27日夜间至28日阴天有小雨，局部中雨，气温17-20℃；29日降雨结束转多云；30日到12月3日多云，可见阳光，其中2日有轻雾，偶有零星小雨。雨时能见度较低，请做好交通安全管理。深圳市气象台2018年11月27日16时00分发布"
"2018-11-28 16:00:00",110466,"【深圳市天气提示】#29日降雨结束#28日夜间有分散小雨，29日多云，沿海和高地有5-6级阵风，18-24℃；30日到12月4日多云，可见阳光，早晚清凉能见度较低，间中偶有零星小雨；5日有小（阵）雨。早晚仍较清凉，需注意保暖，添衣加被。深圳市气象台2018年11月28日16时00分发布"
"2018-11-29 15:55:00",110506,"【深圳市天气提示】#未来一周天气平稳早晚能见度差#30日到12月2日多云，可见阳光，早晚清凉，部分时间有轻雾，30日气温18-25℃；3-6日湿度上升，间中有零星小雨，气温小幅波动。近期早晚能见度较差，请注意交通安全管理。深圳市气象台2018年11月29日15时55分发布"
"2018-11-30 15:10:00",110566,"【深圳市天气提示】#周末天气平稳，早晚有轻雾#1-2日多云间晴天，早晚清凉，1日气温19-26℃；3-6日云量增多，间中有零星小雨；7日傍晚起受冷空气影响，北风加大，气温骤降。深圳市气象台2018年11月30日16时发布"
"2018-12-01 15:45:00",110607,"【深圳市天气提示】#周日可见阳光，下周云量增多#2日多云，可见阳光，早晚有轻雾，气温20-26℃；3-6日湿度增大，间中有零星小雨，气温小幅波动；7-8日受冷空气影响，阴天有分散小雨，北风加大，气温逐步下降。深圳市气象台2018年12月01日15时45分发布"
"2018-12-03 16:00:00",110686,"【深圳市天气提示】#明日午后云量增多#4日多云转阴天，早晚有轻雾，气温21-28℃；5-6日阴天间多云，间中有零星小雨；7日起冷空气活动频繁，北风加大，7-8日阴天有分散小雨，气温下降，天气转凉；9-10日阴天有阵雨，有时降雨频密，气温继续下降，天气阴冷。深圳市气象台2018年12月03日16时00分发布"
"2018-12-04 16:10:00",110746,"【深圳市天气提示】#7日起气温逐日下降#5-6日阴天间多云，早晚有轻雾，间中有零星小雨，5日气温20-26℃；7-8日阴天有分散小雨，北风加大，气温下降，天气转凉；9-11日有中雨局部可达大雨，气温进一步下降，最低气温降至10℃左右，天气阴冷。深圳市气象台2018年12月04日16时10分发布"
"2018-12-05 15:50:00",110806,"【深圳市天气提示】#7日起气温逐日下降#6日阴天间多云，早晚有轻雾，间中有零星小雨，气温22-25℃；7-8日阴天有分散小雨，沿海和高地阵风7-8级，最低气温14-16℃，天气阴凉；9-12日冷空气补充影响，阴天有小雨，气温进一步下降，10日最低气温10-11℃，天气阴冷。深圳市气象台2018年12月05日15时50分发布"
"2018-12-07 16:10:00",110886,"【深圳市天气提示】#周末间中有小雨天气阴凉#8日分散小雨转阴天，偏北风沿海和高地最大阵风7-8级，午后逐渐减弱，气温14-19℃；9日阴天有小雨，天气阴凉；10日早晨最低气温11℃左右，白天小雨逐渐结束，部分时间天色明朗；11-13日受新一股冷空气影响，转干冷天气，早晨最低气温降到10℃左右，白天可见阳光。深圳市气象台2018年12月07日16时10分发布"
"2018-12-12 16:00:00",111126,"【深圳市天气提示】#13日天气寒冷#13日多云间阴天，可见阳光，沿海和高地最大阵风6级，气温11-17℃，北部及山地最低气温略低1℃，白天比12日温暖；14-16日多云，可见阳光，气温逐日回升；17日多云，气温略降；18-20日多云，天气温暖。寒冷黄色预警信号将至少持续到13日，请继续做好防寒保暖及防范一氧化碳中毒的宣传管理工作深圳市气象台2018年12月12日16时00分发布"
"2018-12-13 16:00:00",111166,"【深圳市天气提示】#14日早晚寒冷，白天起气温回升#14日多云，可见阳光，气温11-18℃，北部及山地再低1℃左右；15-16日阳光增多，气温继续回升，天气趋于温暖；17-18日多云到晴天，空气干燥，气温略降；19-21日多云，天气温暖。市气象台将于14日上午取消寒冷黄色预警信号，请继续做好防寒保暖及防范一氧化碳中毒的宣传管理工作。深圳市气象台2018年12月13日16时发布"
"2018-12-29 16:15:00",111886,"【深圳市天气提示】#元旦假期天气寒冷#12月30日-1月1日继续受冷空气影响，我市以阴冷天气为主，沿海和高地最大阵风7-9级，间中有小雨，日温差小，平均气温低于12℃，最低气温均低于10℃。 寒冷黄色预警信号持续生效。请继续做好防寒救助、疾病预防和一氧化碳中毒、大风等防范、宣传和管理工作。深圳市气象台2018年12月29日16时15分发布"
"2019-01-05 16:20:00",112246,"【深圳市天气提示】#6日气温略降能见度转好#5日夜间有（轻）雾或轻度灰霾，6日阴天，有分散小雨，部分时间有轻雾或轻微灰霾，气温15-20℃；7日多云，早晚能见度较低；8日气温略降，有零星小雨；9-12日多云，天气温暖，间中有零星小雨。注意低能见度及较潮湿天气对交通及生活影响，减少户外活动。深圳市气象台2019年01月05日16时20分发布"
"2019-01-07 16:00:00",112306,"【深圳市天气提示】#未来3天云量较多，早晚有轻雾#8-10日阴天间多云，偶有零星小雨，短暂时间可见阳光，8日气温15-20℃；11-14日多云间阴天，可见阳光，天气温暖，早晚能见度较差。深圳市气象台2019年01月07日16时发布"
"2019-03-20 15:50:00",116106,"【深圳市天气提示】#周五有雷雨周末明显转凉#21日多云间阴天，早晚有轻雾，23-28℃；22日多云转中雷雨， 局部大雨，伴有8级左右局地短时大风；23-24日仍有小雨，气温明显下降，天气清凉；25日起转多云，气温回升。请提前做好对强对流天气的防范措施。深圳市气象台2019年03月20日16时发布"
"2019-03-21 16:15:00",116146,"【深圳市天气提示】#明日转雷雨周末天气阴凉#预计21日夜间多云有轻雾，22日白天转阵雨或雷雨，局部可达大雨，并可能伴有7-8级短时大风，气温23-27℃；23-24日阴天间多云，有小雨，气温下降，天气转凉；25日起转多云，气温回升。请注意做好强对流天气的防范。深圳市气象台2019年03月21日16时15分发布"
"2019-03-26 15:40:00",116386,"【深圳市天气提示】#27-28日天气暖湿，早晚有轻雾或雾#27日多云间晴天，气温20-27℃；29日多云转雷阵雨；30-31日受冷空气影响，转（雷）阵雨，部分时间雨势稍大，天气明显转凉。未来2-3天请关注低能见度天气对出行的影响。深圳市气象台2019年3月26日16时发布"
"2019-04-18 15:55:00",117586,"【深圳市天气提示】#19-21日有暴雨到大暴雨#18日夜间起降雨趋于频密，19-21日有暴雨到大暴雨，伴有雷暴和8级左右的大风，最强降雨在19日凌晨至夜间；22日降雨减弱，可见阳光。需重点防范强降水、雷暴、大风及其可能引发的地质灾害、积涝等衍生和次生灾害。深圳市气象台2019年04月18日15时55分发布"
"2019-04-19 16:15:00",117746,"【深圳市天气提示】#未来两天仍有明显降雨#20-21日天气仍不稳定，20日中到大雨，局部暴雨，间中有短时强降水，气温23-29℃，21日有阵雨，部分时间雨势较大；22日起天气好转，22-26日多云为主，偶有短时阵雨。近期多降雨，请提前做好重点区域隐患排查。深圳市气象台2019年04月19日16时15分发布"
"2019-04-20 15:50:00",117806,"【深圳市天气提示】#明天仍有明显降雨，后天降雨减弱#21日天气仍不稳定，有中雨，局部暴雨，伴短时强降水和雷雨大风，气温22-27℃；22日降雨明显减弱，有短时阵雨；23-26日多云为主，局地有短时阵雨。近期多降雨，请继续做好重点区域隐患排查。深圳市气象台2019年04月20日15时50分发布"
"2019-04-22 16:00:00",117926,"【深圳市天气提示】#未来3天多云，早晚能见度较低#23-25日多云为主，中午前后较闷热，局地有短时阵雨，早晚有轻雾或雾，23日气温25-31℃；26日起天气不稳定，有阵雨或雷阵雨。深圳市气象台2019年4月22日16时发布"
"2019-04-23 16:00:00",118026,"【深圳市天气提示】#未来2-3日天气闷热，早晚能见度较低#24日多云，中午前后闷热，早晚有轻雾或雾，气温25-31℃；25-26日局地有短时阵雨或雷阵雨；26日夜间至28日有一次雷雨过程，局地有大到暴雨。早晚能见度较低，注意对海上交通的影响。深圳市气象台2019年04月23日16时00分发布"
"2019-04-24 15:45:00",118086,"【深圳市天气提示】#26日起转多雷雨天气#25日多云，有短时阵雨或雷阵雨，早晚东部沿海地区有大雾，25-31℃；26-27日有大雨到暴雨，伴短时强降雨、8级短时大风和雷暴； 28-30日降雨减弱，有阵雨或雷阵雨；展望“五一”假期前期有一次强降雨过程。请注意防范短时强降雨和雷雨大风带来的灾害。深圳市气象台2019年04月24日15时45分发布"
"2019-04-25 16:00:00",118146,"【深圳市天气提示】#明后两天转明显降雨，或有强对流天气#26-27日有大雨到暴雨，间中伴短时强降水、短时8级大风和雷暴，26日25-29℃； 28-30日降雨减弱，阴天有阵雨。请注意防范短时强降雨和雷雨大风。深圳市气象台2019年4月25日16时发布"
"2019-04-26 16:30:00",118207,"【深圳市天气提示】#明日局部有大雨#27日有中雨，局部可达大雨，伴有雷暴和短时强降雨，气温24-28℃； 28-30日降雨减弱，有阵雨或雷阵雨；5月1日前后有一次明显降雨过程。请注意防范雷暴和短时强降雨的影响。深圳市气象台2019年04月26日16时30分发布"
"2019-04-27 15:50:00",118286,"【深圳市将暴雨黄色预警信号扩展至全市、大风蓝色和雷电预警生效中】预计未来3小时内将自西向东出现30-60毫米降水，深圳市气象台15时50分将暴雨黄色预警信号扩展至全市，风大雨急，天气剧烈，全市进入暴雨戒备状态。市民应远离低洼易涝区、河道、水库、危房、边坡，到安全场所暂避；地下场所做好必要的防范措施。做好防风准备，远离海边，避免海上活动。停止户外易燃易爆危险作业。"
"2019-04-27 16:15:00",118306,"【深圳市天气提示】#未来两日多云有阵雨#28日有阵雨或雷雨，局部大雨，气温24-30℃； 29日多云有短时阵雨；30日-5月1日有一次强降雨过程，雨量可达大雨到暴雨，伴有雷暴、大风和短时强降水。我市正处于强对流高发季节，需注意防范短时强降水、雷暴、大风及其造成的衍生、次生灾害。深圳市气象台2019年04月27日16时15分发布"
"2019-04-29 16:30:00",118446,"【深圳市天气提示】#30日傍晚至1日早晨有一次强对流天气过程#30日白天有阵雨或雷阵雨，傍晚至1日早晨有大雨到暴雨，伴短时强降水和雷雨大风，1日上午降雨明显减弱；2-5日多云间中有短时阵雨，其中2-3日沿海、高地和海区有7-8级偏东风。需重点防范短时强降水、雷雨大风及其可能引发的城市积涝、隧道涵洞汇流以及地质灾害等次生灾害。深圳市气象台2019年04月29日16时35分发布"
"2019-04-30 16:05:00",118506,"【深圳市天气提示】#五一期间多云为主，有短时阵雨#1日有雷阵雨，23-29℃；2-6日多云为主，间中有短时阵雨，其中2-3日沿海、高地和海区有7-8级偏东风。目前是强对流多发季节，节日期间需防范短时强降水、大风及其可能引发的城市积涝、隧道涵洞汇流以及地质灾害等次生灾害，海上有浪涌，游玩需注意安全。深圳市气象台2019年04月30日16时05分发布"
"2019-05-01 15:40:00",118546,"【深圳市天气提示】#五一假期多云为主，沿海和海区东风强劲#2-4日多云为主，间中有短时阵雨，沿海、高地和海区偏东阵风8级左右，2日气温22-27℃；5-6日有阵雨或雷阵雨；7-8日有一次明显降雨过程，伴短时强降雨和雷雨大风。节日期间需防范海区和沿海大风，海上活动和海岛旅游注意安全。深圳市气象台2019年05月01日15时40分发布"
"2019-05-02 16:00:00",118566,"【深圳市天气提示】#假期后期多云有阵雨#3-4日多云为主，短时阵雨，沿海、高地和海区有6-7级偏东风，3日气温21-27℃；5日有阵雨或雷阵雨；6-8日有明显降雨过程。节日期间需防范海区和沿海大风，海上活动和海岛旅游注意安全。深圳市气象台2019年05月02日16时00分发布"
"2019-05-03 15:35:00",118606,"【深圳市天气提示】#4日多云5-8日连续多日强降雨#4日多云偶有短时阵雨，气温21-26℃；5-8日有连续多日强降雨，最大可达暴雨，部分时间伴有雷暴和短时大风；展望9日降雨减弱。需提前做好建筑工地、低洼内涝区等重点区域的隐患排查。深圳市气象台2019年05月03日15时45分发布"
"2019-05-04 16:10:00",118646,"【深圳市天气提示】#5-9日有持续性强降水#5-6日有暴雨局部大暴雨，部分时间伴有雷暴和短时大风，5日气温20-23℃；7日有中到大雨局部暴雨；8-9日仍有较明显降水。需重点防御持续降水可能引发的山体滑坡、崩塌、地陷等地质灾害，防范短时强降水引发的城市内涝、隧道涵洞汇流等次生气象灾害。深圳市气象台2019年05月04日16时10分发布"
"2019-05-17 15:50:00",119346,"【深圳市天气提示】#18日闷热有短时雷阵雨#18日多云，有短时（雷）阵雨，27-31℃，天气闷热；19-20日有短时强降雨和雷雨大风，局地雨量可达暴雨量级；展望21-23日多云为主气温略降。请继续做好防暑降温与用水用电保障管理工作，周末天气不稳定，请关注防范雷暴、大风和短时强降水等强对流天气。深圳市气象台2019年05月17日15时50分发布"
"2019-05-23 16:15:00",119607,"【深圳市天气提示】#24日局部仍有暴雨#24日有中雨局部暴雨，并伴有雷暴，气温25-29℃；25-27日多云闷热，有阵雨或雷雨，部分时间雨势较大；28日前后有一次雷雨过程。地质灾害气象风险黄色预警生效中，近期局地短时强降雨易发，请注意防范局地强降雨、雷暴及地质灾害等次生灾害。深圳市气象台2019年05月23日16时15分发布"
"2019-03-25 16:10:00",116346,"【深圳市天气提示】#明日起可见阳光气温逐日回升#26-28日多云，可见阳光，气温逐日回升，早晚有轻雾，26日气温18-25℃；29-31日冷空气影响，我市转阵雨或雷阵雨，气温下降，天气转凉。冷暖转换快，请注意做好相关疾病的预防工作。深圳市气象台2019年03月25日16时10分发布"
"2019-03-28 15:30:00",116486,"【深圳市天气提示】#29日夜间起转有雨天气#29日白天多云，早晚有轻雾，29日夜间-31日阴天为主，间中有阵雨，偶有零散雷暴，其中31日受弱冷空气影响，气温略降，沿海和高地阵风可达7级；4月1日降雨结束，早晚清凉；2日起可见阳光。请关注雨雾天气和沿海大风的影响。深圳市气象台2019年3月28日16时发布"
"2019-04-01 15:35:00",116686,"【深圳市天气提示】#明日起可见阳光#2-3日可见阳光，早晚有轻雾，气温逐日回升，2日气温20-25℃；4日和清明假期，多云为主，部分时间可见阳光，间中有阵雨和轻雾。近期阴晴冷暖变换快，请注意做好疾病防控及宣传，清明假期需加强野外用火安全管理。深圳市气象台2019年04月01日15时35分发布"
"2019-05-07 15:45:00",118906,"【深圳市天气提示】#今晚至明天有暴雨#预计7日晚上至8日白天有暴雨局部大暴雨，沿海和海区最大阵风7级左右，气温19-22℃；9日仍有局部大雨以上量级的降水；10日降雨过程趋于结束，气温回升。需重点防御地质灾害、城市内涝、隧道涵洞汇流等次生气象灾害；沿海和海区注意防风。深圳市气象台2019年05月07日15时45分发布"
"2019-05-11 15:00:00",119106,"【深圳市天气提示】#未来5天多云可见阳光天气炎热#预计12日多云，早晚有轻雾，气温23-30℃；13-17日多云，部分时间有雷阵雨，早晚有轻雾，天气炎热。深圳市气象台2019年05月11日15时00分发布"
"2019-05-18 15:50:00",119386,"【深圳市天气提示】#20日有雷雨#19日多云，局部有短时（雷）阵雨，天气闷热，28-32℃；20日有雷雨，雨量可达中到大雨局部暴雨，伴有雷暴和局地短时大风；展望21-23日多云为主气温略降。天气趋于不稳定，请关注并防范短时强降水、雷暴和短时大风等强对流天气。深圳市气象台2019年05月18日15时50分发布"
"2019-05-20 16:00:00",119487,"【深圳市天气提示】#21日有阵雨，闷热天气缓解#21日多云间阴天，有阵雨或雷阵雨，气温25-30℃；22-27日多云为主，部分时间有短时阵雨或雷阵雨，天气再趋炎热。深圳市气象台2019年05月20日16时发布"
"2019-06-06 15:40:00",120446,"【深圳市天气提示】#7-8日炎热到酷热#7-8日晴天间多云，有局地短时（雷）阵雨，最高气温34℃，中北部和人口密集区35℃或以上；9日有雷阵雨，局部大雨；10日起进入新一轮龙舟水降雨集中期。高温黄色预警信号生效中，需注意防暑降温。深圳市气象台2019年06月06日15时40分发布"
"2019-05-25 15:50:00",119706,"【深圳市天气提示】#27-29日我市进入新一轮龙舟水降雨过程#26日多云，有短时（雷）阵雨，气温25-30℃；27日雷阵雨转大雨；28-29日有大雨到暴雨，局部大暴雨，伴有短时强降雨和6-8级雷雨大风；30-31日多云有短时阵雨。我市已进入“龙舟水”活跃期，极端性强降水风险高，需防御地质灾害和城市积涝，龙舟竞渡、海上作业、水上交通等注意防范雷击和短时大风。深圳市气象台2019年05月25日15时50分发布"
"2019-06-05 15:50:00",120367,"【深圳市天气提示】#6-8日天气炎热#6-8日多云炎热，有局地短时雷阵雨，6日气温26-32℃；9日有雷阵雨，局部大雨；10-11日有一轮明显降水过程。未来几天天气炎热，户外活动、高空作业等需做好防暑降温措施。深圳市气象台2019年6月5日15时50分发布"
"2019-07-01 16:30:00",122286,"【深圳市天气提示】#2-4日降雨频密#受南海热带系统影响，2日白天我市风力逐渐加大，最大阵风7级左右，午后降雨渐趋频密，局部大雨，气温27-32℃；2日夜间至4日降雨加大，有大雨到暴雨，局部大暴雨；5日降雨减弱，转阵雨。请做好防范准备。深圳市气象台2019年7月1日16时30分发布"
"2019-07-02 16:25:00",122366,"【深圳市天气提示】#3日凌晨至4日降雨频密#南海热带低压2日14时距深圳450公里，夜间将加强为今年第4号台风（热带风暴级），趋向海南岛东部。我市2日上半夜有阵雨；3日凌晨起降雨频密，降雨主要出现在3日白天，有大雨到暴雨，局部大暴雨，伴有雷暴，4日仍有局部暴雨；5日起转阵雨天气。台风白色预警信号生效中，请做好防御准备。深圳市气象台2019年07月02日16时25分发布"
"2019-07-03 16:00:00",122506,"【深圳市天气提示】#3日夜间至4日白天降雨频密#第4号台风“木恩”（热带风暴级）已进入北部湾进一步远离我市，台风白色预警信号已解除。预计3日夜间至4日白天我市间歇性强降雨持续，累积雨量可达大雨到暴雨、局部大暴雨，4日夜间降雨减弱；5日转阵雨，天气趋于炎热。请继续做好持续降雨可能导致的积涝、地质灾害等防御。 深圳市气象台2019年07月03日16时00分发布"
"2019-07-05 15:45:00",122626,"【深圳市天气提示】#周末期间天气炎热#预计6-7日多云炎热，有短时阵雨或雷阵雨，气温27-32℃，北部和人口密集区34-35℃；8-10日有雷阵雨，局部大雨；11-12日多云炎热，有短时阵雨或雷阵雨。请做好防暑降温工作及防范短时雷阵雨带来的不利影响。深圳市气象台2019年07月05日15时45分发布"
"2019-07-06 16:00:00",122666,"【深圳市天气提示】#未来2-3天阳光阵雨为主#预计7-9日多云炎热，有短时阵雨，风力逐渐加大，最大阵风6-7级，7日气温27-32℃；10-11日降雨增多，局部大雨；12日起阳光阵雨为主。请做好防暑降温工作，沿海、海区和高地注意防风。深圳市气象台2019年7月6日16时发布"
"2019-07-08 16:10:00",122766,"【深圳市天气提示】#10-11日有一次局地暴雨过程#预计9日多云炎热，有阵雨或雷阵雨，气温28-32℃；10-11日有一次中到大雨，局部暴雨过程，伴雷暴和7-8级短时大风，炎热天气缓解；12-14日多云炎热，有短时阵雨。请做好防暑降温工作及防范雷暴、短时强降水、短时大风等天气带来的不利影响。深圳市气象台2019年07月08日16时10分发布"
"2019-07-09 16:00:00",122826,"【深圳市天气提示】#10-11日有大雨局部暴雨#下雨时伴有雷暴和7级左右短时大风，10日气温27-30度；12-15日多云炎热，有短时阵雨。请做好及防范雷暴、短时强降水、短时大风等天气带来的不利影响。深圳市气象台2019年07月09日16时00分发布"
"2019-07-11 16:00:00",123026,"【深圳市天气提示】#未来一周天气炎热#12日多云，有短时（雷）阵雨，天气趋于炎热，最高气温32℃左右；13-18日天气炎热，午后易出现局地短时（雷）阵雨。天气趋于炎热，请做好防暑降温、食品安全保障工作，关注局地短时雷雨的影响。深圳市气象台2019年07月11日16时发布"
"2019-07-13 15:35:00",123166,"【深圳市天气提示】#未来一周天气炎热到酷热#14-16日多云炎热，有短时（雷）阵雨，最高气温32-33℃；17-20日晴天间多云，炎热加剧，最高气温34-35℃，午后易出现局地热雷雨。请做好防暑降温、食品安全保障工作，关注局地短时雷雨的影响。深圳市气象台2019年07月13日15时35分发布"
"2019-07-14 15:45:00",123206,"【深圳市天气提示】#下周前中期炎热到酷热后期关注热带气旋影响#周一至周二多云炎热，有短时阵雨，最高气温33-34℃；周三至周四炎热加剧，部分时间能见度较差，有局地雷雨；周五起关注热带气旋对我市的影响。未来几天请做好防暑降温、食品安全保障工作。深圳市气象台2019年07月14日15时45分发布"
"2019-07-15 16:10:00",123246,"【深圳市天气提示】#未来2-3天高温天气持续#16-17日天气炎热至酷热，偶有短时阵雨，最高气温33-35℃；18日天气炎热转雷雨；19-21日降雨增多，部分时间雨势较大。高温黄色预警生效中，请做好防暑降温、食品安全保障工作。深圳市气象台2019年7月15日16时20分发布"
"2019-07-17 16:10:00",123426,"【深圳市天气提示】#18日高温酷热持续#台风“丹娜丝”（热带风暴级）17日14时距深圳1068公里，未来趋向台湾和福建沿海，对我市无直接风雨影响。18日天气酷热，有轻微至轻度霾，午后局地有雷雨，并可能伴有8级左右大风；受西南气流影响，19-20日降雨增多，局部大雨到暴雨。请注意继续做好防暑降温工作。深圳市气象台2019年7月17日16时10分发布"
"2019-03-19 15:55:00",116086,"【深圳市天气提示】#周末有冷空气#20日多云间晴天，早晚有轻雾或雾，21-28℃；21日云量增多，偶有分散阵雨；22-25日降雨增多，其中22-23日部分时间有雷雨，并可能伴有7-8级短时大风，23-24日最低气温下降至17℃左右，天气清凉；26日起转多云。深圳市气象台2019年3月19日16时发布"
"2019-03-29 16:00:00",116526,"【深圳市天气提示】#周日至下周初有小到中雨天气明显转凉#30日阴天间多云，偶有分散小雨，气温22-26℃；受冷空气影响，31日-4月1日，有小到中雨，气温下降4-5℃，沿海和高地有6-7级阵风，明显转凉；4月2日起转多云可见阳光，气温回升。冷暖转换频繁，请注意做好疾病控制预防及宣传。 深圳市气象台2019年03月29日16时00分发布"
"2019-04-06 16:00:00",116886,"【深圳市天气提示】#假期末持续无雨能见度较低#我市7日多云，可见阳光，早晚有轻雾或雾，白天有轻微到轻度霾，气温22-29℃；8-10日多云为主，早晚有轻雾或雾，偶有分散阵雨，天气暖湿；11-13日天气不稳定，有阵雨或雷雨。目前全市火险预警生效中，祭扫踏青等需注意用火安全，严防火灾；能见度较低，注意交通安全和空气质量的变化影响。深圳市气象台2019年04月06日16时00分发布"
"2019-08-28 16:10:00",126066,"【深圳市天气提示】#“杨柳”趋向海南南部,28日夜间转雷阵雨#今年第12号台风“杨柳”（热带风暴级）未来向偏西方向移动，趋向海南南部沿海，29日距离我市最近距离500-600公里。受其外围环流影响，28日夜间我市转雷阵雨，沿海和高地有6-7级阵风，29-30日有间歇性降雨，雨量可达大雨，局部暴雨；受东南气流影响，31-1日还有明显降雨过程。台风白色预警生效中，请做好防范。深圳市气象台2019年08月28日16时10分发布"
"2019-05-21 15:50:00",119526,"【深圳市天气提示】#22-24日部分时间仍有降雨#22-24日多云间阴天，有阵雨或雷阵雨，22日气温24-29℃；25-27日多云，有短时阵雨或雷阵雨，天气炎热。请注意防范雷击灾害和降雨的不利影响。深圳市气象台2019年05月21日15时50分发布"
"2019-05-28 16:15:00",119906,"【深圳市天气提示】#未来2天我市仍有强降水#28日夜间至29日有大雨到暴雨，局部大暴雨，伴有短时强降雨和7级左右大风，29日23-26℃；30日有（雷）阵雨，局部暴雨；31-1日有阵雨，部分时间雨势稍大。需重点防御持续强降水引发的地质灾害、城市积涝等次生灾害。深圳市气象台2019年5月28日16时15分发布"
"2019-08-31 16:15:00",126226,"【深圳市天气提示】#未来5天多降雨#1-2日有（雷）阵雨，局部暴雨，1日气温25-31℃；3-4日有暴雨；1-3日沿海和海区有6-8级阵风；展望5-7日天气仍不稳定，局部有暴雨。近期多降雨，请注意防范短时强降水及大风的影响。深圳市气象台2019年08月31日16时15分发布"
"2019-09-01 09:50:00",126266,"【重大气象信息快报摘要】#南海低压未来2天趋向海南 后期路径多变#南海低压未来2天趋向海南，受多系统影响，后期路径多变，对我市影响时间长、变数大。预计未来一周我市（含深汕）多降雨，1-3日有局部暴雨，3天累计雨量30-50毫米，局部80毫米以上，沿海和海区阵风7-8级;4-6日有一次明显风雨过程。市气象台将于1日10时发布台风白色预警信号，并视情况发布台风蓝色预警。请关注我台最新台风信息，做好防风防雨措施。1日09时45分发布深圳市气象台2019年09月01日09时50分发布"
"2019-09-02 16:05:00",126446,"【深圳市天气提示】#本周我市有持续性强降水#南海热带低压上午已登陆海南，南海上热带扰动和西南季风仍十分活跃，本周我市有持续性强降水，累积雨量大。3日有雷阵雨，局部暴雨，气温25-30℃；4日有暴雨，5-7日有暴雨到大暴雨并伴有大风。请加强防范持续性强降雨引发的次生灾害。深圳市气象台2019年9月2日16时05分发布"
"2019-09-03 15:55:00",126527,"【深圳市天气提示】#本周我市持续多降雨#今年14号台风“剑鱼”（热带风暴级）3日凌晨生成，14时位于深圳西南方1040公里的越南境内，未来24小时在越南沿海徘徊，后期转向广东沿海。我市4-5日有雷阵雨局部暴雨，沿海和高地阵风6-7级；6-7日有一次暴雨降水过程。近期持续多降雨，地质灾害风险极高，请加强防范持续降雨引发的次生灾害。深圳市气象台2019年09月03日15时55分发布"
"2019-09-04 16:05:00",126646,"【深圳市天气提示】#5日仍有局部暴雨#受“剑鱼”减弱后低压槽影响，4日夜间至5日我市有大雨局部暴雨，沿海、海区和高地阵风6-7级；6日降雨减弱；7日起转多云，有短时阵雨，天气炎热。近期持续多降雨，各类地质灾害风险高，请重点防范持续降雨引发的次生灾害。深圳市气象台2019年09月04日16时05分发布"
"2019-08-09 16:00:00",124906,"【深圳市天气提示】#周末有雷阵雨，高温天气缓解#10日有（雷）阵雨，局部可达大雨，雷雨时可能伴有6-8级短时大风，气温27-33℃，高温天气缓解；11-16日多云到阴天，有阵雨或雷阵雨，部分时间雨势较大。需注意防范短时强降水、雷暴天气的影响。深圳市气象台2019年08月09日16时发布"
"2019-08-14 16:00:00",125126,"【深圳市天气提示】#15日持续炎热，16-18日有局部暴雨#15日天气炎热，有短时（雷）阵雨，最高气温33-34℃，中北部和人口密集区35℃或以上；16-18日有阵雨或雷阵雨，局部地区可达暴雨量级；19-20日天气炎热，有短时阵雨。需注意防暑降温及防范局地短时强降水和雷暴的影响。深圳市气象台2019年08月14日16时00分发布"
"2019-08-17 16:05:00",125266,"【深圳市天气提示】#未来2天仍有强降水#17日夜间至19日有雷阵雨，早晨和午后局部有暴雨，雨时伴有7-8级短时大风，18日气温26-31℃；20-21日降雨减弱，多云为主，午后有（雷）阵雨；22日起天气闷热。注意防御局地短时强降水、短时大风和雷暴及其造成的次生灾害。深圳市气象台2019年8月17日16时发布"
"2019-08-21 16:00:00",125467,"【深圳市天气提示】#未来3天天气闷热#22-24日多云间晴天，午后局部有短时（雷）阵雨，天气日趋闷热，22日气温27-33℃ ；25-26日多云转雷雨，部分时间雨势较大；27日起天气再趋闷热。请做好防暑降温工作，并注意防范午后局地突发性短时雷雨的影响 。深圳市气象台2019年08月21日16时00分发布"
"2019-08-22 16:00:00",125506,"【深圳市天气提示】#未来2天天气闷热#台风“白鹿” 未来趋向粤东至福建沿海，按目前路径预计对我市风雨影响不大。 23-24日晴天间多云，午后局部有短时（雷）阵雨，天气闷热，最高气温33-34℃ ，中北部和人口密集区35℃或以上；25-26日有雷阵雨，局部暴雨。请做好防暑降温工作，并注意短时雷雨的影响；“白鹿”目前距离我市较远，其路径和对我市风雨影响存在变数，请关注我台的最新信息 。深圳市气象台2019年08月22日16时发布"
"2019-08-23 16:00:00",125546,"【深圳市天气提示】# “白鹿”对我市有风雨影响#台风“白鹿”将于24日夜间到25日早晨在广东汕尾到福建漳州沿海登陆。24日晴天间多云，局部有（雷）阵雨，天气闷热，最高气温33-34℃ ，中北部和人口密集区35℃或以上；24日夜间到25日我市最大阵风6-7级，深汕区8级；25-26日有大雨到暴雨，深汕区有暴雨。台风白色预警信号生效中，请关注“白鹿”动态，提前做好防御 。深圳市气象台2019年08月23日16时00分发布"
"2019-08-25 16:20:00",125866,"【深圳市天气提示】#今天夜间到明天有大雨到暴雨，周二起渐趋闷热#“白鹿”已减弱为热带低压，25日14时位于广东梅州境内，强度继续减弱。今天夜间到明天早晨（周一）我市有大雨到暴雨，周一白天转阵雨，气温25-32℃；周二到周四（27-29日）多云间晴天，天气趋于闷热，周五到周六（30-31日）多降雨。请注意防范强降雨带来的城市内涝、山体滑坡等次生灾害。深圳市气象台2019年08月25日16时20分发布"
"2019-08-27 15:50:00",126026,"【深圳市天气提示】#28-29日天气闷热#28-29日多云间晴天，午后局地有短时热雷雨，最高气温34-36℃；30-31日有一次大雨局部暴雨过程，最大阵风6-7级。台风“杨柳”27日8时生成，27日14时位于深圳东南方1400公里的菲律宾以东洋面上，预计28日上午移入南海中部海面，强度缓慢加强，趋向海南东南部海面。请做好防暑降温和食品安全管理工作；“杨柳”路径、强度及对我市的风雨影响尚有不确定性，关注我台发布的最新预报预警信息。深圳市气象台2019年08月27日15时50分发布"
"2019-03-27 15:35:00",116426,"【深圳市天气提示】#28日持续暖湿，29日多云转雨#28日可见阳光，早晚有轻雾或雾，气温20-27℃；29日多云转阵雨；30-31日受冷空气影响，有阵雨或雷阵雨，气温明显下降，天气转凉，31日沿海和高地阵风7-8级；4月1日降雨结束转多云，天气清凉；2-3日可见阳光，气温回升。请关注雨雾低能见度对交通的影响和冷空气降温及沿海大风的影响。深圳市气象台2019年03月27日15时45分发布"
"2019-06-08 16:00:00",120626,"【深圳市天气提示】#9日天气持续炎热#9日多云，有（雷）阵雨局部大雨，雷雨时伴有7级左右短时阵风，最高气温32℃，中北部和人口密集区最高气温可达33-34℃；10日起我市降雨增多，并将进入新一轮龙舟水集中降雨时段。高温黄色预警信号生效中，请继续做好防暑降温、医疗、食品安全的保障工作。深圳市气象台2019年06月08日16时00分发布"
"2019-03-30 16:10:00",116586,"【深圳市天气提示】#明后两天有雨天气转凉#31日-4月1日阴天到多云，有小雨，气温下降，沿海和高地有6-7级阵风，天气转凉，31日气温21-24℃，冷暖转换频繁，请注意做好疾病控制预防及宣传；4月2日至清明假期多云为主，天气温暖，请加强野外用火安全管理。深圳市气象台2019年03月30日16时10分发布"
"2019-04-17 16:00:00",117526,"【深圳市天气提示】#18-20日降雨频密#18日阴天转小到中雨局部大雨，伴有短时雷暴，气温22-27℃；19-20日有中到大雨局部暴雨，并伴有雷暴和短时大风；21日降雨减弱；22-23日有短时阵雨，部分时间可见阳光。近期多降雨，地质灾害风险较高，请提前做好重点区域隐患排查。深圳市气象台2019年04月17日16时00分发布"
"2019-06-02 16:10:00",120206,"【深圳市天气提示】#下周初仍有大雨到暴雨，中后期天气炎热#周日夜间至周一有大雨到暴雨，气温25-30℃，周二至周三降雨减弱，有阵雨或雷雨，展望周四至周末，多云到晴天，有局地雷阵雨，天气炎热。近期强降雨频繁，地质灾害风险高，需加强防范；下周中后期天气炎热，注意防暑防晒。深圳市气象台2019年06月02日16时10分发布"
"2019-06-14 16:00:00",121146,"【深圳市天气提示】#周日转趋有短时（雷）阵雨的天气#15日多云到晴天，天气炎热，26-32℃；16-18日云量增多，有短时（雷）阵雨，17日部分时间雨势较大。虽然10日以来的持续强降水已结束，但地质灾害有滞后性，请继续做好相关防御工作。深圳市气象台2019年6月14日16时发布"
"2019-06-15 16:00:00",121186,"【深圳市天气提示】#16-17日有雷阵雨，炎热缓解#16日多云到阴天，有雷阵雨，气温26-32℃；17日有雷阵雨，局部雨势较大；18-20日多云，局部有雷阵雨，天气炎热。深圳市气象台2019年06月15日16时00分发布"
"2019-09-05 16:00:00",126688,"【深圳市天气提示】#降水趋于减弱转炎热天气#6日多云，有（雷）阵雨，气温26-32℃；7-10日多云，偶有短时阵雨，天气炎热。前期持续多降雨，需重点防范地质灾害等次生灾害的影响。深圳市气象台2019年09月05日16时发布"
"2019-09-06 16:00:00",126726,"【深圳市天气提示】#周末期间晴天闷热#7-8日晴天间多云，局部有短时阵雨，7日气温26-33℃；9-12日多云，有阵雨，其中9-10日部分时间雨势较大。未来我市降雨减弱，天气趋于闷热，请注意防暑防晒。深圳市气象台2019年9月6日16时发布"
"2019-09-07 15:50:00",126767,"【深圳市天气提示】#周日持续晴热#8日晴天间多云，最高气温34-36℃；9-11日多云，有阵雨或雷阵雨；12-14日天气晴热，午后有局地热雷雨。高温黄色预警信号生效中，请注意防暑降温。深圳市气象台2019年09月07日15时50分发布"
"2019-09-08 16:05:00",126806,"【深圳市天气提示】#下周天气炎热伴有雷阵雨#周一多云，有短时雷阵雨，气温28-34℃；周二到周三日多云，有（雷）阵雨；周四到周六天气晴热，午后有热雷雨。高温黄色预警信号生效中，请注意防暑降温及午后热雷雨。深圳市气象台2019年09月08日16时05分发布"
"2019-09-09 16:05:00",126846,"【深圳市天气提示】#本周闷热天气为主#10日多云间晴天，午后有短时（雷）阵雨，雨时易伴有7-8级短时大风，气温27-33℃；11-14日晴天到多云为主，闷热天气加剧，最高气温在37℃或以上。请注意防暑降温及防范午后热雷雨。深圳市气象台2019年9月9日16时5分发布"
"2019-09-10 15:55:00",126886,"【深圳市天气提示】#中秋假期天气炎热#11日多云间晴天，局部有雷阵雨，雷雨时伴有6-7级短时大风，气温27-33℃；12-15日晴天到多云，炎热加剧，最高气温在36-37℃，午后易出现局地强雷雨。请注意做好防暑降温工作及防范午后雷雨。深圳市气象台2019年9月10日15时55分发布"
"2019-09-11 15:50:00",126926,"【深圳市天气提示】#高温天气将持续2-3天#12-13日晴到多云，局部有短时雷阵雨，12日气温28-34℃；14-17日多云，有雷阵雨，高温天气逐渐缓解。中秋期间没有台风暴雨等明显的灾害性天气，近期需做好防暑降温及防范局地强对流天气。深圳市气象台2019年09月11日15时50分发布"
"2019-07-16 17:15:00",123366,"【深圳市天气提示】#17-18日高温天气持续#今年第5号台风“丹娜丝”（热带风暴级）已生成，较大可能趋向台湾或福建沿海，预计对我市无直接风雨影响的概率较大。17-18日我市高温天气持续，18日午后转雷雨，可能伴有8级左右短时大风；19-20日有阵雨或雷雨，局部大雨。我台将密切跟踪，及时研判，请关注我台最新信息。深圳市气象台2019年07月16日17时15分发布"
"2019-07-20 16:20:00",123746,"【深圳市天气提示】#明日仍有雷雨#21日多云，有（雷）阵雨，局部大雨，气温27-32℃；22-24日有阵雨或雷阵雨，部分时间雨势较大；25-27日天气炎热。请注意防范短时强降水和雷暴的影响。深圳市气象台2019年07月20日16时20分发布"
"2019-07-22 16:00:00",123866,"【深圳市天气提示】#明天仍有雷阵雨，后天转炎热#23日有（雷）阵雨，局部中到大雨，气温27-32℃；24-26日转炎热天气，午后局地有短时阵雨，最高气温33-35℃；27-28日降雨增多，部分时间雨势较大。请注意防范局地短时强降水和雷暴的影响。深圳市气象台2019年7月22日16时发布"
"2019-07-27 16:10:00",124026,"【深圳市天气提示】#高温缓解转多降水天气#28日多云转雷阵雨，局部大雨，伴有6-8及短时大风等强对流天气，气温27-31℃；29-30日有雷阵雨；31-2日有明显降水过程。请注意防范局地短时大风、短时强降水和雷暴的影响。深圳市气象台2019年07月27日16时10分发布"
"2019-07-30 16:00:00",124206,"【深圳市天气提示】#热带低压将生成 31-2日有明显风雨影响#南海热带低压将于今天傍晚生成，未来继续加强并趋向海南岛至粤西沿海。受其影响，30日夜间起风力明显加大，31日早晨至夜间平均风可达6-7级，最大阵风8-10级，31日-8月1日有暴雨局部大暴雨。本次过程风雨明显，降雨时间长，累积雨量大，建议加强滨海旅游和海上活动、作业、交通安全管理，防范持续强降雨引发的城市积涝和地质灾害等次生灾害。深圳市气象台2019年7月30日16时发布"
"2019-08-02 16:00:00",124666,"【深圳市天气提示】# “韦帕”影响结束，周末期间有阵雨#3日有（雷）阵雨，局部雨势较大，气温26-31℃；4-5日有（雷）阵雨，天气趋于炎热；6-8日多云炎热，有短时阵雨。地质灾害等次生灾害发生具有滞后性，请继续做好相关防御。深圳市气象台2019年08月02日16时00分发布"
"2019-08-03 16:00:00",124706,"【深圳市天气提示】#未来2天仍有明显降雨#4日有中到大雨，局部暴雨，气温25-29℃；5日雷阵雨转多云；6-9日转炎热天气，最高气温可达33℃以上。近期我市降雨频密，地质灾害等次生灾害发生具有滞后性，请继续做好防御。深圳市气象台2019年8月3日16时发布"
"2019-08-07 16:00:00",124846,"【深圳市天气提示】#未来两天高温加剧#8-9日晴天间多云，有轻微至轻度霾，气温28-35℃，北部和人口密集地区最高气温37℃以上，午后局地有热雷雨，雨时伴有短时大风；10-12日雷阵雨逐渐增多。7日14时在南海中部偏东海面有新的热带低压生成，距深圳约780公里，未来向东北方向移动，对我市无直接风雨影响。深圳市气象台2019年8月7日16时发布"
"2019-03-16 16:00:00",115906,"【深圳市天气提示】#周末到下周初天气舒适#17-20日多云，可见阳光，气温回升，天气温暖舒适，17日气温18-25℃；21-22日天气趋于不稳定，有中雷雨。深圳市气象台2019年03月16日16时00分发布"
"2019-03-18 16:10:00",116026,"【深圳市天气提示】#未来两天温暖舒适#19-20日多云可见阳光，早晚有轻雾，天气温暖舒适，19日气温20-26℃；21日多云有短时阵雨；22-23日有阵雨或雷雨，并可能伴有7-8级短时大风，同时气温下降，天气转凉。深圳市气象台2019年03月18日16时10分发布"
"2019-05-24 16:10:00",119646,"【深圳市天气提示】#未来3天局地有短时强降水#25-27日多云，有短时（雷）阵雨，部分时间雨势较大，25日气温25-29℃；28日前后有一场强雷雨过程。近期强降雨风险较高，降雨局地性明显，请注意防范局地强降雨、雷暴及地质灾害等次生灾害。深圳市气象台2019年5月24日16时20分发布"
"2019-03-22 15:55:00",116166,"【深圳市天气提示】#周末有雨明显转凉#预计受冷空气影响，23日我市有小雨局部中雨，白天气温在17-20℃之间徘徊，天气明显转凉；24日有阵雨，天气清凉；25日起转多云，可见阳光，气温逐日回升。深圳市气象台2019年03月22日15时55分发布"
"2019-03-23 16:00:00",116226,"【深圳市天气提示】#未来两天清凉有雨#24-25日阴天为主，间中有阵雨，天气清凉，24日16-20℃；26-28日转可见阳光，早晚有轻雾天气，气温逐日回升，最高气温可回至25℃以上。请注意及时添加衣物，并关注雨雾天气对出行的影响。深圳市气象台2019年3月23日16时发布"
"2019-04-05 15:35:00",116826,"【深圳市天气提示】#假期后两日温暖少雨能见度较差#清明假期后两日（6-7日）我市多云为主，可见阳光，早晚有轻雾，6日气温21-28℃；8-10日多云为主，气温继续上升，偶有分散阵雨。目前全市火险预警生效中，祭扫、踏青等需注意用火安全，严防火灾；早晚能见度较差，注意交通安全。深圳市气象台2019年04月05日15时40分发布"
"2019-04-16 15:45:00",117466,"【深圳市天气提示】#18-20日我市将迎来新一轮暴雨过程#17日多云间阴天，局部有短时阵雨；短暂间歇后，18-20日我市又将迎来一次暴雨，局部大暴雨降雨过程，伴有短时强降水和雷电；21日降雨明显减弱。连续降雨过程导致发生地质灾害风险较高，请提前做好重点区域隐患排查。深圳市气象台2019年04月16日16时发布"
"2019-05-13 15:40:00",119186,"【深圳市天气提示】#未来几日渐趋炎热#14日多云，早晚有轻雾，气温25-30℃；15日有局地短时阵雨，16日起雷阵雨增多，持续炎热。请做好防暑防晒与用水用电保障管理工作。深圳市气象台2019年05月13日15时40分发布"
"2019-05-27 16:00:00",119826,"【深圳市天气提示】#28-29日我市仍有持续性强降雨#28-29日有大雨到暴雨，局部大暴雨，伴有短时强降雨和6-8级雷雨大风；30-31日有阵雨或雷阵雨。需重点防御持续强降水引发的地质灾害、城市积涝等次生灾害；并防范强对流天气对龙舟竞渡、海上作业、水上交通等造成的影响。深圳市气象台2019年05月27日16时发布"
"2019-06-12 16:05:00",120966,"【深圳市天气提示】#13日有暴雨局部大暴雨#伴雷暴和8级左右短时大风，强降雨主要时段13日凌晨至下午，对上班上学有影响；14日降雨明显减弱，强降雨过程趋于结束；15-16日多云，有阵雨或雷阵雨，17-19日多云炎热。请进一步做好地质灾害、城市内涝、雷电、大风等灾害的防御工作。深圳市气象台2019年06月12日16时05分发布"
"2019-06-13 16:05:00",121086,"【深圳市天气提示】#13日傍晚时段有短时强雷雨，夜间起降雨明显减弱#13日17-20时我市仍有短时强降水，雨量20-40毫米，伴7-8级雷雨大风；13日夜间降雨明显减弱，14日白天渐转多云，强降雨过程结束；15-17日多云，有阵雨或雷阵雨，部分时间雨势较大。10日以来我市出现连续强降雨，地质灾害气象风险较高，请继续做好相关防御。深圳市气象台2019年06月13日16时05分发布"
"2019-08-08 16:00:00",124866,"【深圳市天气提示】#9日高温持续，10日起高温缓解#9日晴天间多云，最高气温34-36℃，北部和人口密集地区最高气温37℃以上，有轻微到轻度灰霾，局地有雷阵雨，雨时伴有短时大风；10-14日云量增多，有雷阵雨，部分时间雨势较大。需继续做好防暑降温工作，防范局地短时大风、短时强降水等强对流天气的影响。深圳市气象台2019年08月08日16时00分发布"
"2019-08-10 16:05:00",124946,"【深圳市天气提示】#明日炎热继续缓解，下周降雨增多#11日多云，有（雷）阵雨，气温28-32℃；12-13日有阵雨或雷阵雨，局部大雨，雷雨时伴有6-8级短时大风；14日短暂好转，有短时阵雨；15-17日有阵雨或雷阵雨，部分时间雨势较大。需注意防范短时强降水、短时大风和雷暴。深圳市气象台2019年08月10日16时05分发布"
"2019-08-12 16:35:00",125046,"【深圳市天气提示】#本周多雷阵雨天气#12日夜间至13日有雷阵雨，局部暴雨，气温28-32℃；14-15日闷热天气为主，午后局地有短时（雷）阵雨；16-18日降雨逐渐加大，局部有暴雨。需注意防范短时强降水、短时大风和雷暴造成的不利影响。深圳市气象台2019年8月12日16时35分发布"
"2019-07-04 15:45:00",122546,"【深圳市天气提示】#未来三天渐趋炎热#预计5日多云间晴天，有短时雷阵雨，气温27-32℃;6-8日有短时阵雨，天气炎热；展望9日起雷阵雨增多。请做好防暑降温工作及防范局地短时雷阵雨带来的不利影响。深圳市气象台2019年07月04日15时45分发布"
"2019-07-10 16:05:00",122966,"【深圳市天气提示】#11日降雨减弱，12日起转炎热#10日夜间至11日早晨有中到大雨，白天转阵雨，11日气温26-30℃；12-15日天气炎热，偶有短时（雷）阵雨。今日累积雨量大，地质灾害风险具有滞后性，请继续做好防御。深圳市气象台2019年7月10日16时发布"
"2019-07-19 16:00:00",123646,"【深圳市天气提示】#未来3-4日多局地雷雨#20日多云，午后有雷阵雨，局部大雨，雷雨时伴有7-8级短时大风，气温27-32℃；21-24阳光阵雨，午后部分时间雨势较大；展望25日起天气再趋炎热。请防范短时强降水、雷雨大风造成的不利影响。深圳市气象台2019年7月19日16时发布"
"2019-08-06 16:00:00",124806,"【深圳市天气提示】#7-9日天气闷热#7日晴天间多云，有短时阵雨或雷阵雨，气温27-34℃，中北部和人口密集区35℃或以上；8-9日天气炎热，部分地区最高气温可达37℃或以上，局地有热雷雨；10-12日有雷阵雨。请注意防暑降温及防范雷暴和局地短时强降雨。深圳市气象台2019年08月06日16时发布"
"2019-08-13 16:05:00",125086,"【深圳市天气提示】#本周多雷阵雨#14日多云，有短时（雷）阵雨，天气闷热，气温28-33℃；15-18日多云间阴天，有阵雨或雷阵雨，部分时间雨势较大。需注意防范局地短时强降水和雷暴的影响。深圳市气象台2019年08月13日16时05分发布"
"2019-08-15 16:00:00",125166,"【深圳市天气提示】#16日有雷阵雨，17-18日局部有暴雨#16日有雷阵雨局部大雨，雷雨时短时阵风可达7级左右，最高气温32-33℃；17-18日局部有暴雨，19-21日多云为主，间中有阵雨或雷雨。注意防范局地短时强降水、短时大风和雷暴的影响。深圳市气象台2019年08月15日16时00分发布"
"2019-08-16 15:50:00",125206,"【深圳市天气提示】#17-19日多雷雨局部可达暴雨#受偏南气流影响，17-19日有雷阵雨，局部暴雨，伴有雷暴和7-8级短时大风，17日气温26-31℃，炎热天气缓解。20-22日多云，有阵雨。注意防御局地短时强降水、短时大风和雷暴及其造成的次生灾害。深圳市气象台2019年08月16日15时50分发布"
"2019-08-19 15:50:00",125366,"【深圳市天气提示】#20-21日阳光阵雨相伴，22-24日天气闷热#20-21日多云，有（雷）阵雨，20日气温26-32℃；22-24日多云间晴天，局部有短时（雷）阵雨，天气闷热。25-26日多云，有（雷）阵雨。请注意防范雷暴的影响，做好防暑降温及食品安全管理等工作。深圳市气象台2019年08月19日15时50分发布"
"2019-03-04 15:55:00",115227,"【深圳市天气提示】#本周降雨转趋频繁注意防范强对流天气#4日夜间到5日阴天转多云，有雷阵雨，局部大雨，降雨主要集中在4日夜间至5日早晨，气温18-24℃；6-10日冷暖空气交替影响，降雨频繁，间中伴有雷暴和短时大风等强对流天气。强对流季节已经到来，请注意防范雷雨大风造成的不利影响。深圳市气象台2019年03月04日16时发布"
"2019-03-05 15:55:00",115266,"【深圳市天气提示】#本周降雨频繁间中有8级左右短时大风#6日有中到大雨，气温17-23℃；7-9日仍有明显降水，雨量可达大雨到暴雨；10日阵雨转多云。我市已进入强对流天气多发期，请注意防范雷雨大风、短时强降水等强对流天气对城市安全运行的影响。深圳市气象台2019年03月05日15时55分发布"
"2019-03-06 15:45:00",115366,"【深圳市天气提示】#7-10日有间歇性短时强降水#7日有中到大雨，局部暴雨，伴雷暴，气温15-19℃；8-10日仍有明显降水，雨量可达大雨到暴雨，伴有8级短时大风、雷暴和短时强降水；10日午后降雨减弱，11-13日转多云天气。我市已进入强对流天气多发期，请注意防范雷雨大风、短时强降水等强对流天气对城市安全运行的影响。深圳市气象台2019年03月06日15时45分发布"
"2019-03-07 16:15:00",115406,"【深圳市天气提示】#8-10日降雨频密11日可见阳光#8日有中到大雨，局部暴雨，气温14-17℃；9-10日仍有明显降水，雨量可达大雨局部暴雨，部分时间伴有短时大风、雷暴和短时强降水；10日午后降雨减弱，11-13日转多云可见阳光，天气干燥。持续多日降雨，请注意防范由此引发的地质灾害和城市积涝。深圳市气象台2019年03月07日16时15分发布"
"2019-03-08 15:50:00",115466,"【深圳市天气提示】#9日傍晚至夜间有雷雨#8日夜间有中到大雨，9日早晨至下午有阵雨，气温15-22℃；9日傍晚至夜间有一次雷雨过程，伴有8级左右短时大风，最大小时雨量30毫米左右，10日上午降雨减弱；11-13日多云间晴天，可见阳光，天气转干燥。请注意防御雷雨大风、短时强降水对城市安全运行的影响。深圳市气象台2019年03月08日15时50分发布"
"2019-03-09 16:00:00",115546,"【深圳市天气提示】#周日仍有雨，下周一天气好转#9日夜间至10日上午仍有间歇性阵雨，雨势平缓，10日下午阵雨转多云，15-19℃，天气清凉；11日起可见阳光；14日前后受弱冷空气影响，有明显降雨。关注雨雾天气影响，天气清凉，及时添加衣物。深圳市气象台2019年3月9日16时发布"
"2019-03-11 16:00:00",115666,"【深圳市天气提示】#12日天气晴好，14日前后有中雨#预计12日我市大致晴好，气温16-25℃；13日云量增多、湿度增大，午后到傍晚有短时阵雨；13日夜间至15日有一次中到大雨降雨过程，伴有短时雷暴；本周后期至下周初维持冷暖空气交替影响趋势，云量较多、间中有雨。春季天气变化节奏快、阴雨雾天气多，重点关注冷暖变化、低能见度、道路交通和疾病预防。深圳市气象台2019年03月11日16时00分发布"
"2019-03-12 15:40:00",115706,"【深圳市天气提示】#13日夜间转雨，14日有中雨#预计13日白天云量增多，有轻雾，气温17-24℃；13日夜间转阴天有阵雨；14-15日有中雨局部大雨，伴有短时雷暴；16-18日冷暖空气交替影响，云量较多、间中有雨。春季天气变化节奏快、雨雾天气多，重点关注冷暖变化、低能见度、道路交通和疾病预防。深圳市气象台2019年03月12日15时40分发布"
"2019-04-02 16:00:00",116726,"【深圳市天气提示】#3日可见阳光气温继续回升#3日可见阳光，早晚有轻雾，气温回升，20-27℃；展望清明假期，大致多云，间中有小雨，其中4-5日，云量增多，有分散小雨，6-7日多云可见阳光，气温继续上升。清明祭扫及外出踏青活动增多，需加强野外用火安全管理。深圳市气象台2019年04月02日16时00分发布"
"2019-03-31 10:00:00",116626,"【深圳市天气提示】#今明两天沿海有偏东大风、天气稍凉#31日-4月1日阴天间多云，有阵雨，气温下降，沿海和高地有7-8级阵风，天气稍凉，31日气温21-24℃，冷暖转换频繁，请注意做好疾病控制预防及宣传；4月2日至清明假期多云为主，天气温暖，请加强野外用火安全管理。深圳市气象台2019年03月31日10时00分发布"
"2019-03-31 15:00:00",116646,"【深圳市天气提示】#周一天气稍凉周二起气温逐渐上升#受冷空气影响，周一有小雨，沿海和高地有7-8级阵风，天气稍凉，气温18-22℃；周二至下周末（清明假期）多云为主，间有阵雨和轻雾，气温回升。阴晴冷暖变换快，请注意做好疾病控制预防及宣传，清明假期需加强野外用火安全管理。深圳市气象台2019年03月31日15时00分发布"
"2019-04-04 15:50:00",116806,"【深圳市天气提示】#清明假期温暖干燥，注意安全用火#清明假期（5-7日）我市多云为主，可见阳光，5日气温20-27℃；8-10日多云为主，气温继续上升，偶有分散阵雨。目前全市火险预警信号生效中，祭扫、踏青等需注意用火安全，严防火灾。深圳市气象台2019年4月4日16时发布"
"2019-04-08 15:55:00",116966,"【深圳市天气提示】#未来2-3天暖湿天气持续，中午前后略感炎热#9-10日多云，早晚有轻雾，24-30℃；11日傍晚至12日受弱冷空气影响，有（雷）阵雨，部分时间雨势较大；13日降雨减弱转多云；14日起天气再趋不稳定。自2日以来全市火险预警持续生效中，未来2-3天仍无雨，需继续注意用火安全，严防火灾。深圳市气象台2019年4月8日16时发布"
"2019-04-09 15:00:00",117006,"【深圳市天气提示】#未来两日多云，11夜间起转多阵雨#10-11日多云，10日气温24-30℃；11日夜间至12日受弱冷空气影响，有阵雨或雷雨，气温下降2-3℃，沿海和高地有6-7级阵风；13日小雨转多云；展望14-16日又将有一温降雨过程。天气将出现转折，请提前做好重点区域的隐患排查工作。深圳市气象台2019年04月09日16时00分发布"
"2019-04-10 15:00:00",117046,"【深圳市天气提示】#11日午后起转多阵雨雷雨天气#11日多云午后转阵雨或雷雨，傍晚前后局部有短时强降雨和7级左右短时大风，气温25-30℃；11日夜间至12日有小到中雨，天气转凉，沿海和高地阵风可达7级左右；13日小雨转多云；14-16日受低压槽、冷空气影响，持续多阵雨雷雨天气，有时雨势较大，局部可达大雨到暴雨量级。请提前做好雷电、短时强降雨和大风防御准备。深圳市气象台2019年04月10日15时00分发布"
"2019-04-11 16:00:00",117086,"【深圳市天气提示】#12-16日多雷阵雨，天气转凉#11日夜间有阵雨，伴有零散雷暴；12日有小雨，局部中雨，沿海和高地有6-7级偏东风；13-14日有小雨到中雨；15-16日天气仍不稳定，有雷阵雨，局部大雨。我市正处在强对流多发季节，请做好重点区域的隐患排查，防范短时强降雨、短时大风带来的灾害。深圳市气象台2019年04月11日16时00分发布"
"2019-04-12 16:20:00",117166,"【深圳市天气提示】#13-16日天气持续不稳定，多雷雨#13日有大雨到暴雨，并伴有雷暴和短时强降水，气温19-22℃；14日有中到大雨；15-16日仍有明显降水。我市正处在强对流多发季节，请做好重点区域的隐患排查，防范短时强降雨、雷暴及局地短时大风带来的灾害。深圳市气象台2019年04月12日16时20分发布"
"2019-04-13 15:55:00",117227,"【深圳市天气提示】#13日夜间至14日有大雨到暴雨#未来三日天气持续不稳定，多雷雨；13日夜间至14日有大雨到暴雨，并伴有雷暴、短时大风和短时强降水；15日有小雨；16日降雨再次加强，有大雨到暴雨，17日降雨减弱。请继续做好重点区域的隐患排查，防范短时强降雨、雷暴及局地短时大风带来的灾害。深圳市气象台2019年04月13日15时55分发布"
"2019-04-15 16:00:00",117366,"【深圳市天气提示】#明天有大雨到暴雨#15日夜间有阵雨；16日有大雨到暴雨，间中伴有雷暴、短时大风和短时强降水，气温21-24℃；17日阵雨转多云；18-20日天气再趋不稳定，多雷雨。明天有强降水，请注意防范。深圳市气象台2019年4月15日16时发布"
"2019-04-16 08:50:00",117428,"【深圳市发布暴雨黄色、大风蓝色、雷电预警】深圳市气象台于2019年04月16日08时10分在全市发布暴雨黄色、大风蓝色和雷电预警，预计受强雷雨云团影响，6小时内将出现30-50毫米的雷雨，部分时间伴有8级以上的短时大风，请做好防御准备。"
"2019-03-14 16:00:00",115807,"【深圳市天气提示】#明天小雨转多云#14日夜间至15日小雨转多云，风力加大，沿海和高地最大阵风6级，早晚清凉，气温17-21℃；16-20日多云为主，可见阳光，偶有短时阵雨；展望21日起天气趋于不稳定，降雨增多。雨雾天气请注意出行安全。深圳市气象台2019年3月14日16时发布"
"2019-03-15 16:00:00",115866,"【深圳市天气提示】#明日起可见阳光#16-20日多云，早晚有轻雾或偶有零星小雨，部分时间可见阳光，气温逐日回升，16日气温17-22℃；21日起天气趋于不稳定，有阵雨或雷雨。建议关注早晚能见度下降造成的交通影响。深圳市气象台2019年03月15日16时00分发布"
"2019-05-09 16:00:00",119046,"【深圳市天气提示】#未来一周可见阳光，气温回升#预计10日多云，可见阳光，气温22-28℃。11-16日偶有局地性短时阵雨，早晚有轻雾，天气渐趋炎热。持续降雨过后仍需注意防御地质灾害。深圳市气象台2019年05月09日16时00分发布"
"2019-05-06 15:35:00",118846,"【深圳市天气提示】#7-9日持续多降雨趋势#预计7日我市有中到大雨，沿海、海区及高地偏东风最大阵风7-8级；8-9日仍有中到大雨量级降雨，10日降雨过程趋于结束，气温回升。降雨天气持续时间长，注意防范地质灾害；沿海及海区需注意防风。深圳市气象台2019年05月06日15时35分发布"
"2019-05-08 08:00:00",118987,"【深圳市天气提示】#9日仍有中到大雨局部暴雨#预计8日夜间至9日有中到大雨，局部暴雨，沿海和海区最大阵风6-7级，气温19-23℃；10日降雨明显减弱，11日多云有短时阵雨；展望12日起多云为主，气温明显回升；需重点防御地质灾害、城市内涝、隧道涵洞汇流等次生气象灾害；沿海和海区注意防风。深圳市气象台2019年5月8日15时50分发布"
"2019-05-14 16:00:00",119226,"【深圳市天气提示】#本周天气炎热#15日多云，局地有短时阵雨，早晚有轻雾，气温25-31℃；16-19日持续炎热，（雷）阵雨增多；20日前后有一次明显降雨过程。请做好防暑防晒与用水用电保障管理工作。深圳市气象台2019年05月14日16时发布"
"2019-05-15 15:30:00",119266,"【深圳市天气提示】#未来3-4天多局地性（雷）阵雨#16-19日天气炎热，多局地（雷）阵雨，16日26-31℃；19日夜间至20日有一次明显降雨并伴有雷雨大风。未来3-4天请继续做好防暑防晒与用水用电保障管理工作，并注意防范局地雷雨。深圳市气象台2019年5月15日16时发布"
"2019-05-16 15:55:00",119306,"【深圳市天气提示】#17-19日多短时（雷）阵雨#17-19日有短时（雷）阵雨，天气闷热；20日有短时强降雨和雷雨大风，局地雨量可达暴雨量级。请注意防范雷电灾害，继续做好防暑降温与用水用电保障管理工作，关注20日强对流天气。深圳市气象台2019年05月16日15时55分发布"
"2019-05-22 16:00:00",119566,"【深圳市天气提示】#23-24日局部可达暴雨#23-24日有中到大雨，局部暴雨，23日气温23-28℃；25-27日多云闷热，有阵雨或雷雨。需注意防范局地雷雨造成的不利影响。深圳市气象台2019年05月22日16时00分发布"
"2019-05-29 15:50:00",119966,"【深圳市天气提示】#明日降雨减弱强降雨过程趋于结束#29日夜间至30日有（雷）阵雨，局部大雨，气温23-28℃；31-3日多云有阵雨或雷阵雨，天气趋于炎热；4-6日晴天间多云，天气炎热。地质灾害气象风险黄色预警生效中，需继续防御地质灾害。深圳市气象台2019年05月29日15时50分发布"
"2019-05-31 16:10:00",120106,"【深圳市天气提示】#周末降雨明显#1日有（雷）阵雨，局部大雨，沿海和高地最大阵风6-7级，气温25-29℃；1日夜间至3日降雨加强，有大雨到暴雨，并伴有雷暴；展望4-6日有阵雨或雷阵雨。近期降雨频密，地质灾害风险偏高，户外活动和作业需做好防范。深圳市气象台2019年5月31日16时10分发布"
"2019-06-01 15:00:00",120166,"【深圳市天气提示】#未来2-3天我市有大雨到暴雨#1日夜间到2日我市有大雨到暴雨，并伴有雷暴和7级左右短时大风，气温25-29℃；2日夜间至3日有一次暴雨降雨过程，4日白天转阵雨，5-6日有阵雨或雷阵雨，天气趋于炎热。近期强降雨频繁，地质灾害风险高，需加强防范。深圳市气象台2019年06月01日15时00分发布"
"2019-06-04 15:50:00",120326,"【深圳市天气提示】#天气转趋炎热#5日多云，有阵雨，气温26-32℃；6-8日天气炎热，午后局地有热雷雨；9日有阵雨；10-11日有一次较明显降水过程。本周天气炎热，户外活动、高空作业等需做好防暑降温措施。深圳市气象台2019年06月04日15时50分发布"
"2019-06-10 16:00:00",120746,"【深圳市天气提示】#未来3-4天多强降水，13日降雨最强#今夜（10日夜间）至明天有中到大雨，局部暴雨，并伴有7-8级短时大风，27-30℃；12日有中到大雨；13日有暴雨局部大暴雨；14日白天降雨减弱。近期强降水多发，请注意防御，户外活动注意雷电和短时大风的影响。深圳市气象台2019年6月10日16时发布"
"2019-06-11 16:00:00",120906,"【深圳市天气提示】#12-13日降雨频密#12日有中到大雨，局部暴雨，气温25-29℃；13日有暴雨，局部大暴雨；14日白天降雨减弱。持续降雨累积雨量大，请做好城市内涝、山体滑坡、崩塌等灾害的防御。深圳市气象台2019年06月11日16时00分发布"
"2019-06-17 16:35:00",121326,"【深圳市天气提示】#未来3-4天天气炎热#18-21日多云到晴天，午后部分地区有短时（雷）阵雨，气温27-32℃；22-23日多云，有雷阵雨，有时雨势较大。本周重点防暑降温，并防范午后局地雷电灾害。深圳市气象台2019年6月17日16时35分发布"
"2019-06-18 15:55:00",121386,"【深圳市天气提示】#未来两日趋于炎热#19-20日多云到晴天，局部有短时阵雨，天气炎热，19日气温27-32℃；21-23日多云，有阵雨或雷雨，部分时间雨势较大。请做好防暑降温工作，防范午后局地雷雨发生。深圳市气象台2019年06月18日15时55分发布"
"2019-06-19 15:50:00",121427,"【深圳市天气提示】#20-22日天气炎热，23日起降雨增多#20-22日多云炎热，有短时（雷）阵雨，20日气温27-32℃；23-26日有阵雨或雷阵雨，部分地区可达大雨量级。请继续做好防暑降温工作，并防范雷雨引发的灾害。深圳市气象台2019年06月19日15时50分发布"
"2019-06-20 16:05:00",121466,"【深圳市天气提示】#未来两天炎热天气持续#21-22日晴天到多云，有短时阵雨，沿海和高地最大阵风6-7级，21日气温27-32℃；23-26日阳光阵雨相伴，部分时间雨势较大。请注意防暑降温，并防范局地雷击灾害。深圳市气象台2019年6月20日16时10分发布"
"2019-06-21 15:50:00",121526,"【深圳市天气提示】#22日炎热23日起阵雨增多#22日多云，天气炎热到酷热，有局地短时阵雨，气温28-33℃；23-25日多云有雷阵雨，部分时间雨势较大并伴有6-8级局地短时大风；26-28日降雨趋于频密；未来我市局地雷雨增多，需防范雷雨大风造成的不利影响。深圳市气象台2019年6月21日16时发布"
"2019-06-22 16:05:00",121606,"【深圳市天气提示】#23日起降雨增多#23日多云间阴天，有（雷）阵雨，局部大雨，可能伴7-8级短时大风，气温28-32℃；24-25日仍有雷雨，局部可达暴雨；26-29日多云，有短时（雷）阵雨，天气炎热；未来3-4天雷雨增多，需注意防范局地短时强降水、雷雨大风的影响。深圳市气象台2019年06月22日16时05分发布"
"2019-06-24 15:55:00",121886,"【深圳市天气提示】#未来2天风力清劲，多阵雨#25-26日有（雷）阵雨，局部大雨，沿海和高地最大阵风6级左右，25日气温28-31℃；27-30日天气炎热，有短时（雷）阵雨。近期降雨较频繁，地质灾害等风险较高，请注意防御，滨海旅游等户外活动注意短时大风影响。深圳市气象台2019年6月24日16时发布"
"2019-06-25 15:45:00",121986,"【深圳市天气提示】#未来3日趋于闷热，部分时间有雷阵雨#26日多云有阵雨，27-31℃；27-30日有雷阵雨，部分时间雨势较大，天气闷热。未来雷阵雨多发，请注意防范雷暴和局地短时强降水造成的不利影响。深圳市气象台2019年06月25日15时50分发布"
"2019-04-03 16:00:00",116766,"【深圳市天气提示】#清明假期注意安全用火#4日到清明假期我市多云为主，降水偏少，气温较高，空气较干燥。4-5日多云为主，可见阳光，偶有分散小雨，4日气温21-27℃；6-8日多云，中午前后较热，早晚能见度较低。清明祭扫及外出踏青活动增多，需加强野外用火安全管理。深圳市气象台2019年04月03日16时00分发布"
"2019-05-30 16:00:00",120046,"【深圳市天气提示】#31-3日多局地暴雨#31日有中到大雨，局部暴雨，气温24-28℃；1日有阵雨，天气转趋闷热，2-3日降雨再次加强，有大雨到暴雨；展望4-6日，仍多阵雨。连日降雨，地质灾害发生风险偏高，请做好隐患排查及防范工作；龙舟竞渡需防范强降水。深圳市气象台2019年05月30日16时00分发布"
"2019-05-10 15:35:00",119086,"【深圳市天气提示】#周末期间可见阳光，天气趋于炎热#预计11日可见阳光，早晚有轻雾，气温23-28℃；12-17日可见阳光，部分时间有短时阵雨，早晚有轻雾，中午前后天气炎热。持续降雨过后仍需注意防御地质灾害。深圳市气象台2019年05月10日15时35分发布"
"2019-05-26 16:00:00",119766,"【深圳市天气提示】#下周初期我市进入新一轮龙舟水降雨过程#周一多云，有雷阵雨，局部暴雨，气温24-29℃；周二至周三有大雨到暴雨，伴有短时强降雨和6-8级雷雨大风；周四至周五多云有阵雨或雷雨。我市已进入“龙舟水”活跃期，极端性强降水风险高，需防御地质灾害和城市积涝，龙舟竞渡、海上作业、水上交通等注意防范雷击和短时大风。深圳市气象台2019年05月26日16时00分发布"
"2019-06-03 16:00:00",120287,"【深圳市天气提示】#天气转趋炎热#4日多云，有短时阵雨，气温25-31℃；5-8日天气炎热，午后局地有热雷雨；9日起降雨增多。本周天气炎热，户外活动、高空作业等需做好防暑降温措施。深圳市气象台2019年6月3日16时发布"
"2019-06-07 16:15:00",120546,"【深圳市天气提示】#8日持续炎热到酷热#8日多云间晴天，局地有短时（雷）阵雨，最高气温33-34℃，中北部和人口密集区35℃或以上；9日有雷阵雨，局部大雨；10日起进入新一轮龙舟水降雨集中期。高温黄色预警生效中，请继续做好防暑降温、医疗、食品安全保障工作。深圳市气象台2019年06月07日16时15分发布"
"2019-06-11 08:25:00",120926,"【深圳市强雷雨天气提示】珠江口附近有强雷雨云团东移，已开始影响宝安区，未来2小时自西向东影响全市，并伴有7-8级短时大风，最大小时雨量40-50毫米。全市暴雨黄色、雷电及大风蓝色预警正在生效，正值下班及放学时段，风大雨急，请做好防御措施。深圳市气象台2019年06月11日16时30分发布"
"2019-06-26 16:00:00",122066,"【深圳市天气提示】#未来4-5天阳光阵雨相伴#27-29日多云，有（雷）阵雨，局部大雨，降雨易出现在凌晨到上午，天气趋于炎热，27日气温27-32℃;30日至7月1日仍有阵雨或雷雨。近期局地雷雨多发，请注意防范短时强降水和雷暴的影响。深圳市气象台2019年06月26日16时发布"
"2019-06-27 16:00:00",122126,"【深圳市天气提示】#未来3天阳光阵雨相伴#28-30日天气炎热，有短时（雷）阵雨，局部大雨，降雨易出现在早晨和午后时段，28日气温27-33℃；7月1-2日阵雨增多。近期局地雷雨多发，请注意防范短时强降水和雷暴的影响。深圳市气象台2019年6月27日16时发布"
"2019-06-28 15:50:00",122166,"【深圳市天气提示】#周末期间炎热到酷热#29-30日多云，有短时（雷）阵雨，局部大雨，最高气温33℃，北部和人口密集区34-35℃；7月1-2日降雨增多，炎热缓解；3-5日降雨频密，沿海和高地阵风8级左右。近期局地雷雨多发，请注意防范短时强降水和雷暴的影响。另外2日前后南海热带扰动有可能发展为热带低压，请关注。深圳市气象台2019年06月28日15时50分发布"
"2019-06-29 15:00:00",122206,"【深圳市天气提示】#下周降雨趋于频密#30日多云，有短时（雷）阵雨，最高气温33℃，北部和人口密集区34-35℃；7月1-2日降雨增多，炎热缓解；3-5日降雨频密。近期局地雷雨多发，请注意防范短时强降水和雷暴的影响。深圳市气象台2019年06月29日15时00分发布"
"2019-07-23 16:00:00",123906,"【深圳市天气提示】#未来三天天气炎热有局地短时雷阵雨#24-26日转趋炎热，有局地短时雷阵雨，其中24日气温27-32℃；27-28日降雨增多，有雷阵雨，局部暴雨。请注意防范局地短时强降水和雷暴的影响。深圳市气象台2019年07月23日16时00分发布"
"2019-07-24 15:00:00",123926,"【深圳市天气提示】#近期天气炎热#25-26日多云，部分时间有短时雷阵雨，25日气温27-33℃，中北部及人口密集区35℃或以上，天气炎热；27-28日有雷阵雨，可能伴有短时大风等强对流天气；29-31日多云，有雷阵雨，局部暴雨。请注意防范局地短时强降水和雷暴的影响。深圳市气象台2019年07月24日15时00分发布"
"2019-07-26 16:00:00",124006,"【深圳市天气提示】#27日炎热维持28日起多雷雨#27日晴天间多云，有短时阵雨，天气炎热，气温28-33℃，中北部及人口密集区35℃或以上；28-30日多雷阵雨，局部可达大雨，部分时间伴有6-8级短时大风；7月底至8月初关注南海热带系统的发展。请注意防暑降温及防范局地短时强降水、短时大风和雷暴的影响。深圳市气象台2019年07月26日16时00分发布"
"2019-07-29 16:10:00",124126,"【深圳市天气提示】#未来2天有雷阵雨和大风#30-31日多云，有雷阵雨，局部暴雨，偏东风逐日加大，最大阵风8级左右，30日气温27-32℃；8月1-2日降雨加强，有暴雨；3日起降雨减弱。本周多降雨，且有大风天气，请注意防范大风、短时强降水和雷暴的影响。深圳市气象台2019年7月29日16时10分发布"
"2019-07-12 16:10:00",123106,"【深圳市天气提示】#未来一周天气持续炎热#13日多云，局地有短时雷阵雨，天气炎热，最高气温33℃左右；14-19日天气炎热到酷热，午后易出现局地短时雷阵雨，请做好防暑降温、食品安全保障工作，关注局地短时雷雨的影响。深圳市气象台2019年07月12日16时10分发布"
"2019-07-18 15:45:00",123526,"【深圳市天气提示】#未来2天降雨增多，高温略有缓解#受西南气流影响，19日天气酷热，气温28-35℃，中北部及人口密集地区最高气温接近或达到37℃以上，午后有雷雨，雨时伴有短时强降水和8级左右大风；20日有雷阵雨，局部大雨；21-24日阳光阵雨。深圳市气象台2019年7月18日16时发布"
"2019-07-25 15:35:00",123966,"【深圳市天气提示】#26-27日高温黄色预警生效中#26-27日多云，有短时阵雨，天气炎热到酷热，最高气温33-34℃，中北部及人口密集区35℃或以上；28日有雷阵雨，伴有短时强降雨和6-8级短时大风；29日有雷阵雨，局部大雨；30-31日有一次明显降雨过程。请注意防暑降温及防范局地短时强降水、短时大风和雷暴的影响。深圳市气象台2019年07月25日15时35分发布"
"2019-07-31 16:30:00",124366,"【深圳市天气提示】#今夜明晨我市风大雨急#今年第七号台风“韦帕”（热带风暴级）于31日夜间至1日早晨在电白至琼海沿海一带登陆，受其外围环流影响，31日夜间至8月1日早晨为台风对我市影响最重时段，有暴雨局部大暴雨和8-10级阵风，风雨影响间歇性明显，1日白天风减弱，但仍有暴雨。全市进入台风防御状态，请注意防御。深圳市气象台2019年07月31日16时30分发布"
"2019-08-01 16:00:00",124546,"【深圳市天气提示】#1日夜间仍有间歇性强降雨和大风#今年第七号台风“韦帕”（热带风暴级）15时距离深圳约400公里，受其外围环流影响，1日夜间我市仍有间歇性强降水，累积雨量可达暴雨，局部大暴雨，阵风7-9级，夜间风力减弱，2日白天雨势减弱。请继续做好各项防风防雨工作。深圳市气象台2019年8月1日16时发布"
"2019-08-05 16:00:00",124766,"【深圳市天气提示】#未来4-5天持续炎热到酷热#6日晴天间多云，午后有短时（雷）阵雨，气温27-34℃，中北部和人口密集区35℃或以上；7-9日持续炎热到酷热，中北部和人口密集区最高气温可达37℃或以上，午后有局地热雷雨；10-11日转雷阵雨。请注意防暑降温、做好食品安全保障工作。深圳市气象台2019年08月05日16时发布"
"2019-08-20 16:00:00",125426,"【深圳市天气提示】#未来3-4天阳光阵雨相伴，天气闷热#21日多云，有（雷）阵雨，气温26-32℃；22-24日多云间晴天，局部有短时（雷）阵雨，部分地区最高气温可达35℃左右；25-26日有（雷）阵雨，气温有所回落。请注意防范局地突发性短时雷雨的影响，做好防暑降温、食品安全管理及雷电防范工作。深圳市气象台2019年08月20日16时00分发布"
"2019-08-24 16:00:00",125706,"【深圳市天气提示】#“白鹿”将于25日凌晨再次登陆闽粤交界，25-26日我市有大雨到暴雨#台风“白鹿”（强热带风暴级）将于25日凌晨在闽粤交界地区登陆。受其影响，24日夜间起风力逐渐加大，25日最大阵风6-7级，深汕区8级；25-26日有大雨到暴雨，深汕区有暴雨，高温酷热天气缓解。深圳台风白色预警、深汕区台风蓝色预警信号生效中，注意加强海上活动、滨海旅游、港口码头的安全防御。深圳市气象台2019年08月24日16时发布"
"2019-08-26 16:15:00",125946,"【深圳市天气提示】#未来3-4天转闷热天气#27-29日多云间晴天，天气闷热，午后局地有短时（雷）阵雨，27日气温26-32℃；30日起天气不稳定，转多雨天气。近期我市多雨，地质灾害风险具有滞后性，请继续做好相关防范，并注意防暑降温，加强高温天气下的安全管理。深圳市气象台2019年8月26日16时15分发布"
"2019-08-29 16:00:00",126147,"【深圳市天气提示】#未来3天多降雨#30-1日我市多（雷）阵雨，局部暴雨，30日气温26-31℃；2-3日降雨减弱，有短时阵雨；4日起降雨再趋明显。请注意防范雷电和局地短时强降水。台风“杨柳”未来趋向越南，继续远离我市，我台将于29日17时取消台风白色预警信号。深圳市气象台2019年8月29日16时发布"
"2019-08-30 15:50:00",126187,"【深圳市天气提示】#周末期间仍有降雨#31日有中雨到大雨，局部暴雨，伴有雷暴，气温26-30℃；9月1-3日有阵雨或雷阵雨，2-3日沿海、高地和海区最大阵风7级左右；4-6日有一次暴雨降雨过程，最大阵风7级左右。请注意防范雷电和局地短时强降水；关注4-6日的降雨过程。深圳市气象台2019年08月30日15时50分发布"
"2019-09-26 15:50:00",127586,"【深圳市天气提示】#未来一周天气持续干燥#27-30日我市晴天到多云，空气干燥，部分时间有轻微至轻度霾，27日气温24-31℃；展望10月初干燥天气持续。森林火险预警持续生效中，请继续做好防火安全宣传和管理工作。深圳市气象台2019年09月26日15时50分发布"
"2019-10-07 16:00:00",127966,"【深圳市天气提示】#未来4-5天晴好干燥天气为主# 8日多云，局地偶有短时阵雨 ，气温23-31℃；9-12日以多云间晴天为主，空气干燥；13日前后受冷空气影响，转雨，北风加大，气温小幅下降。深圳市气象台2019年10月7日16时发布"
"2019-10-15 16:00:00",128306,"【深圳市天气提示】#未来一周持续晴好干燥#16日晴天间多云，天气干燥，沿海、高地和海区阵风6-7级，气温23-30℃，早晚稍凉，中午前后较热；17-22日持续晴好干燥。请关注6-7级阵风对海上活动的影响，并做好防火安全管理和宣传工作。深圳市气象台2019年10月15日16时发布"
"2019-10-18 16:00:00",128426,"【深圳市天气提示】#周末期间天气持续干燥#19-22日晴天干燥，早晚清凉，19日气温23-29℃；23-25日多云，天气干燥,早晚有轻雾。请继续做好防火安全管理和宣传工作。深圳市气象台2019年10月18日16时发布"
"2019-10-29 15:40:00",128866,"【深圳市天气提示】#未来一周持续干燥天气#30-31日多云间晴天，空气干燥，沿海、高地和海区阵风6-7级，气温19-26℃，早晚较凉；11月1-5日晴天间多云，昼夜温差加大，空气持续干燥。森林火险黄色预警持续生效，请继续做好防火安全管理和宣传工作。深圳市气象台2019年10月29日15时40分发布"
"2019-11-23 16:00:00",129806,"【深圳市天气提示】#未来2天晴好干燥26日气温略降3℃#24-25日晴天间多云，24日早晚有轻雾或霾，20-28℃；26日冷空气影响，云量增多，沿海、高地和海区阵风6级，早晚清凉；27日气温短暂回升；28-29日冷空气补充影响，早晚较冷。森林火险橙色预警信号持续生效中。深圳市气象台2019年11月23日16时发布"
"2019-12-10 15:45:00",130506,"【深圳市天气提示】#未来3-4日晴天干燥气温回升#11-14日晴天到多云，空气干燥，气温回升，11日气温13-24℃，昼夜温差大；15日起云量增多、湿度增大，偶有零星小雨，干燥程度有所缓解。森林火险红色预警信号生效中，请加强森林防火安全巡查。深圳市气象台2019年12月10日15时50分发布"
"2019-12-11 16:00:00",130526,"【深圳市天气提示】#空气极度干燥风力清劲#11日夜间至12日晴天，空气极度干燥，早晚有霾，中午起沿海和海区最大阵风6-7级，能见度好转，气温14-24℃；13-14日风力减弱，晴天干燥；15日起湿度增大，偶有零星小雨，气温继续回升。森林火险红色预警信号持续生效中，请做好防火、防风工作。深圳市气象台2019年12月11日16时发布"
"2019-09-13 15:55:00",127006,"【深圳市天气提示】#未来2-3天多云间中有阵雨#14日晴天到多云，午后有雷阵雨，雨时可能伴有7级左右短时大风，气温28-33℃；15-16日多云间阴天，有短时阵雨，高温天气逐渐缓解；展望17-19日晴天间多云为主。请继续做好防暑降温工作，并防范局地强对流天气的影响。深圳市气象台2019年9月13日16时发布"
"2019-09-21 15:50:00",127406,"【深圳市天气提示】#周日持续天晴干燥#22日晴天干燥，气温24-31℃，盐田区、大鹏新区、东部海区最大阵风8-9级，全市森林火险黄色和大风蓝色分区预警信号持续生效；23-28日多云间晴天。请做好用火安全管理工作和大风防范措施。深圳市气象台2019年09月21日15时50分发布"
"2019-09-24 16:00:00",127526,"【深圳市天气提示】#晴朗干燥天气持续#25-30日我市（含深汕）晴天到多云为主，空气干燥，25日气温24-31℃；展望10月初晴朗干燥天气持续。森林火险预警持续生效中，请继续做好用火安全宣传和管理工作。深圳市气象台2019年9月24日16时发布"
"2019-09-25 16:55:00",127566,"【深圳市天气提示】#本周天气持续晴天干燥#26-30日我市晴天到多云为主，空气干燥，26日气温25-31℃；展望10月初晴天干燥天气持续。森林火险预警持续生效中，请继续做好用火安全宣传和管理工作。深圳市气象台2019年09月25日16时55分发布"
"2019-09-30 15:50:00",127706,"【深圳市天气提示】#国庆假期无灾害性天气#10月1-6日晴天到多云，空气持续干燥，部分时间有轻微至轻度霾，气温25-33℃；7日云量增多，有小雨，气温23-29℃。森林火险预警持续生效，请做好防火安全宣传和管理工作。深圳市气象台2019年09月30日15时50分发布"
"2019-10-01 15:50:00",127746,"【深圳市天气提示】#国庆假期前中期晴天干燥#10月1-5日晴天到多云，空气持续干燥，部分时间有轻微至轻度霾，2日气温27-33℃，午间闷热；6-7日有小到中雨，气温下降，沿海和高地有6-7级阵风。森林火险预警持续生效，请继续做好防火安全宣传和管理工作。深圳市气象台2019年10月01日15时50分发布"
"2019-10-05 15:55:00",127906,"【深圳市天气提示】#明后天有明显降雨和大风#6-7日有中到大雨，局部暴雨，降雨集中在6日午后至7日上午，部分时间伴有雷暴，沿海和高地阵风6-8级，6日气温24-31℃；8-11日多云到晴天；12日有小雨。假期返程高峰期有明显降雨和大风，请加强海上活动和道路交通安全的管理。深圳市气象台2019年10月5日16时发布"
"2019-10-16 16:00:00",128346,"【深圳市天气提示】#未来一周持续晴天干燥#17日晴天，空气干燥，气温23-30℃，早晚天气稍凉；18-22日持续晴好干燥。请做好防火安全管理和宣传工作。深圳市气象台2019年10月16日16时发布"
"2019-10-22 15:25:00",128586,"【深圳市天气提示】#23-24日云量增多有分散小雨#23日云量增多，有分散小雨，24日分散小雨转多云，最低气温21-22℃、最高气温27-28℃；25-29日多云到晴，空气干燥。森林火险黄色预警信号生效中，请继续做好防火安全管理和宣传工作。深圳市气象台2019年10月22日15时25分发布"
"2019-11-27 16:00:00",129966,"【深圳市天气提示】#未来2天气温略降2-3℃#27日夜间至29日弱冷空气补充影响，多云间晴天，沿海、高地和海区最大阵风6-7级，早晚清凉，昼夜温差较大，28日气温17-24℃；30-1日气温短暂回升；1日夜间起新一股冷空气影响，风力加大，气温进一步下降。森林火险橙色预警信号持续生效中，请继续做好防火安全管理。深圳市气象台2019年11月27日16时发布"
"2019-11-28 16:00:00",130006,"【深圳市天气提示】#明晨最低气温15-16℃，周末气温短暂回升#29日多云到晴天，空气干燥，气温15-24℃，早晚清凉；30日至12月1日气温短暂回升；1日夜间起新一股冷空气影响，风力加大，气温进一步下降。森林火险橙色预警信号持续生效中，请继续做好防火安全管理。深圳市气象台2019年11月28日16时发布"
"2019-11-29 16:00:00",130046,"【深圳市天气提示】#周末期间气温回升，昼夜温差较大#30日至12月1日气温回升，早晚清凉，部分时间有轻微至轻度霾，30日气温16-25℃；1日夜间起受新一股冷空气影响，北风加大，沿海、高地和海区最大阵风7级左右，气温逐日下降。森林火险橙色预警信号持续生效中，请继续做好防火安全管理。深圳市气象台2019年11月29日16时00分发布"
"2019-12-02 16:40:00",130186,"【深圳市天气提示】#早晚较冷空气非常干燥#3日晴天，昼凉夜冷，12-19℃；4日晴天间多云，气温小幅回升；5-7日冷空气补充影响，风力再次加大，气温继续下降，5日前后偶有零星小雨；8日起风力减弱，气温回升。森林火险橙色预警信号持续生效中，请做好防火安全管理。深圳市气象台2019年12月2日16时40分发布"
"2019-12-07 15:45:00",130386,"【深圳市天气提示】#晴天干燥天气持续#8日晴天，空气极度干燥，昼夜温差大，气温10-20℃；9-12日晴天间多云，空气干燥，气温逐日回升；13日起云量增多，湿度上升。森林火险红色预警正在生效，请加强森林防火安全巡查。深圳市气象台2019年12月7日15时45分发布"
"2019-10-06 16:25:00",127947,"【深圳市天气提示】#6日夜间至7日上午有中到大雨和沿海大风# 7日有中到大雨，局部暴雨，降雨集中在6日夜间至7日上午，部分时间伴有雷暴，沿海和高地阵风6-8级，气温23-27℃；8-12日多云到晴天；13日起受冷空气影响北风加大气温小幅下降。假期返程高峰期需注意防范降雨和大风对海上活动和道路交通安全等造成的不利影响。深圳市气象台2019年10月6日16时25分发布"
"2019-10-19 16:00:00",128466,"【深圳市天气提示】#未来一周干燥天气持续#20-22日晴天干燥，早晚清凉，20日气温23-29℃；23-24日多云间阴天，偶有零星小雨,早晚有轻雾；25-26日晴天干燥。森林火险黄色预警生效中，请继续做好防火安全管理和宣传工作。深圳市气象台2019年10月19日16时发布"
"2019-10-25 15:35:00",128706,"【深圳市天气提示】#周末晴朗干燥 森林火险黄色预警生效中#26-27日天气持续晴朗干燥，气温22-29℃；28日多云，偶有分散小雨，29日再转晴朗干燥天气，月底至下月初持续晴朗干燥。森林火险黄色预警生效中，请继续做好防火安全管理和宣传工作。深圳市气象台2019年10月25日15时35分发布"
"2019-10-28 16:00:00",128826,"【深圳市天气提示】#未来一周持续干燥天气#受冷空气影响，28日夜间偶有零星小雨，沿海、高地和海区偏北风6-7级，气温下降，29日转多云，气温20-27℃，早晚较凉；30日至11月2日晴天到多云，昼夜温差加大，空气持续干燥。森林火险黄色预警持续生效，请继续做好防火安全管理和宣传工作。深圳市气象台2019年10月28日16时发布"
"2019-10-30 16:00:00",128906,"【深圳市天气提示】#未来一周干燥天气持续#31日多云，空气干燥，沿海、高地和海区最大阵风可达6级左右，气温21-27℃，早晚较凉；11月1-6日多云到晴天，昼夜温差大，空气持续干燥。森林火险黄色预警信号持续生效，请继续做好防火安全管理和宣传工作。深圳市气象台2019年10月30日16时发布"
"2019-11-04 15:10:00",129106,"【深圳市天气提示】#本周持续干燥#5日晴天干燥，早晚清凉，气温21-28℃；6-10日多云到晴天，空气干燥，沿海、高地和海区最大阵风可达7级左右，气温小幅波动。森林火险黄色预警持续生效，请继续做好防火安全管理和宣传工作。深圳市气象台2019年11月4日15时20分发布"
"2019-11-15 16:10:00",129526,"【深圳市天气提示】#周末期间天晴干燥，部分时间能见度差#16-17日晴天间多云，空气干燥，部分时间有轻雾或霾，16日气温20-27℃；18-19日冷空气影响，干燥天气持续，北风强劲，气温明显下降；20日白天起风力减弱，气温开始逐渐回升。森林火险橙色预警信号持续生效中，请继续做好防火安全管理。深圳市气象台2019年11月15日16时10分发布"
"2019-11-25 15:45:00",129866,"【深圳市天气提示】#未来一周冷空气影响频繁，持续干燥#25日夜间至26日沿海、高地和海区最大阵风6-7级，早晨最低气温17℃，天气转凉；27日白天风力减弱，气温短暂回升；28-29日冷空气补充影响，北风再次加大，气温略降，早晚清凉；展望12月1-3日又有一股冷空气影响，气温进一步下降。港口码头及海上活动注意防风；森林火险橙色预警信号持续生效，请继续做好防火安全管理。深圳市气象台2019年11月25日15时45分发布"
"2019-11-26 16:05:00",129926,"【深圳市天气提示】#本周冷空气影响频繁，气温逐渐下降#27日多云到晴天，气温短暂回升，19-26℃；28-29日弱冷空气补充影响，沿海、高地和海区有6-7级阵风，气温略降2-3℃，早晚清凉；展望12月1日夜间至4日新一股冷空气影响，气温进一步下降。空气持续干燥，森林火险橙色预警信号生效中，请继续做好防火安全管理。深圳市气象台2019年11月26日16时05分发布"
"2019-12-06 15:55:00",130346,"【深圳市天气提示】#周末期间天气非常干燥#7日晴天，最大阵风由7级逐渐减弱至5-6级，早晚较冷，气温11-19℃；8-11日晴天间多云，空气非常干燥，气温逐日回升；12-13日云量增多。森林火险橙色升级为红色，请加强防火安全管理。深圳市气象台2019年12月06日15时55分发布"
"2019-12-22 16:00:00",130986,"【深圳市天气提示】#下周前中期可见阳光气温回升#预计周一至周四我市多云为主，早晚有轻雾或霾，气温缓慢回升，周一气温18-23℃；周四夜间至周五受冷空气影响，北风加大，气温下降，天气再次转凉；周末有小雨，湿度上升。早晚能见度较差，注意交通安全；森林火险黄色预警信号生效中，请继续做好防火工作。深圳市气象台2019年12月22日16时发布"
"2019-12-24 16:00:00",131066,"【深圳市天气提示】#未来2天有轻雾或霾#25-26日多云间晴天，25日气温18-26℃；26日夜间至27日冷空气影响，北风加大，天气转凉，最低气温14℃左右，昼夜温差大；28日云量增多，28日夜间至31日阴天有雨。森林火险黄色预警信号持续生效中，请继续做好防火工作。深圳市气象台2019年12月24日16时发布"
"2019-12-26 16:00:00",131146,"【深圳市天气提示】#27日明显转凉#受冷空气影响，26日夜间至27日我市多云间晴天，沿海、高地和海区最大阵风7-8级，天气明显转凉，27日气温13-20℃；28日多云，早晚清凉；“巴蓬”已减弱为台风级，未来向西北方向缓慢移动，强度继续减弱，并将于28日前后在南海中部减弱消失。受其残余环流和高空槽的共同影响，29-30日将有一次大雨到暴雨降水过程。冷暖转换，北风增强，请做好海上活动安全管理和疾病控制预防工作；森林火险黄色预警信号生效中，请继续做好防火工作。深圳市气象台2019年12月26日16时发布"
"2019-10-23 15:35:00",128626,"【深圳市天气提示】#未来一周持续干燥天气#24日多云，气温22-28℃；25-27日晴天间多云；28-29日云量增多，偶有分散小雨；30-31日晴天间多云。森林火险黄色预警生效中，请继续做好防火安全管理和宣传工作。深圳市气象台2019年10月23日15时35分发布"
"2019-10-31 15:55:00",128946,"【深圳市天气提示】#未来一周持续干燥#11月1日多云，空气干燥，气温22-28℃；11月2-6日晴天间多云，昼夜温差加大，空气持续干燥。森林火险黄色预警持续生效，请继续做好防火安全管理和宣传工作。深圳市气象台2019年10月31日15时55分发布"
"2019-11-11 16:00:00",129386,"【深圳市天气提示】#13日夜间至14日有冷空气#12日多云，早晚有轻雾或霾，20-27℃；13日夜间至14日风力加大，最大阵风7-8级，气温下降3℃左右；15-18日晴天。森林火险橙色预警信号持续生效中，近一个月无明显降雨，且本周空气非常干燥，请加强防火安全管理。深圳市气象台2019年11月11日16时发布"
"2019-11-12 15:45:00",129426,"【深圳市天气提示】#13日夜间至14日北风加大#13日白天多云间晴天，有轻雾和霾，气温21-28℃；13日夜间至14日沿海、高地和海区阵风7级左右，气温略降；15-17日晴天，风力减弱；18-19日新一股冷空气影响，北风再次加大，气温下降。空气非常干燥，森林火险橙色预警信号持续生效，请继续加强防火安全管理。深圳市气象台2019年11月12日15时45分发布"
"2019-12-03 16:00:00",130246,"【深圳市天气提示】#本周中后期冷空气补充天气阴冷北风8-9级#今年第28号台风“北冕”（强台风级）将于3日夜间进入南海中部海面，并向偏西方向移动，5日后转向偏南方向并逐渐减弱消失。受“北冕”和冷空气的共同影响，4日晴天间多云，气温12-20℃，阵风6级；5-7日冷空气补充影响，沿海高地和海区阵风8-9级，其中5-6日天色阴沉，偶有零星小雨，气温下降，体感阴冷；8日起风力减弱，气温回升。海上大风维持时间较长，海上活动请提前做好防御；本周后期天气较冷，注意做好防寒保暖。深圳市气象台2019年12月03日16时发布"
"2019-12-12 16:00:00",130566,"【深圳市天气提示】#13-14日干燥天气持续，15日起云量增多#12日夜间多云到阴天，沿海和海区最大阵风6-7级；13日白天风力减弱，气温16-25℃，早晚清凉；14日持续晴天干燥；15日起日湿度增大，云量增多，偶有零星小雨，16-18日气温继续回升，早晚有轻雾或雾。森林火险红色预警信号持续生效中，请做好防火工作。深圳市气象台2019年12月12日16时00分发布"
"2019-12-14 15:45:00",130646,"【深圳市天气提示】#15-18日天气温暖干燥#15日云量增多，早晚偶有零星小雨，气温17-23℃；16-18日多云间晴天，有轻雾或霾；19-21日冷空气影响，转阴天有小雨，气温下降，天气转凉。森林火险红色预警信号持续生效中，请做好防火工作。深圳市气象台2019年12月14日15时45分发布"
"2019-12-17 15:40:00",130766,"【深圳市天气提示】#18日天气温暖，19日起转凉#18日多云温暖，早晚有轻雾，气温21-28℃；19-22日受冷空气影响，转阴天，部分时间有分散小雨，气温下降，天气转凉，其中19日沿海高地阵风5-6级；23日转多云，可见阳光。森林火险红色预警信号持续生效中，请继续做好防火工作。深圳市气象台2019年12月17日15时40分发布"
"2019-12-18 15:45:00",130806,"【深圳市天气提示】#19-21日天气转凉#18日夜间至21日冷空气影响，转阴天，有分散小雨，沿海、高地和海区阵风6-7级，气温下降，20日最低气温15℃；22日午后转多云，23-25日可见阳光，气温回升。森林火险红色预警信号持续生效中，请继续做好防火工作。深圳市气象台2019年12月18日15时45分发布"
"2019-10-02 16:00:00",127786,"【深圳市天气提示】#国庆假期中期持续天晴干燥#10月3-5日晴天间多云，空气持续干燥，早晚有轻雾或轻微至轻度霾，3日气温26-33℃；国庆假期后期（6-7日）云量增多，有小到中雨，气温下降，沿海和高地最大阵风6-7级。森林火险预警持续生效，请做好防火安全宣传和管理工作。深圳市气象台2019年10月02日16时00分发布"
"2019-10-04 15:35:00",127866,"【深圳市天气提示】#5日晴好6-7日天气转折#5日晴天间多云，空气较干燥，气温26-32℃；6-7日转中到大雨，局部暴雨，沿海和高地有6-8级阵风，气温小幅下降；展望8-11日多云到晴天。国庆假期返程高峰期有降雨和大风，请注意做好对海上活动和道路交通安全的管理。深圳市气象台2019年10月04日15时35分发布"
"2019-10-08 15:40:00",128006,"【深圳市天气提示】#未来2-3天晴热干燥#9-11日晴天间多云，空气干燥，9日气温25-32℃；12日多云，午后局部有雷阵雨，13受冷空气影响，有阵雨或雷阵雨，沿海、高地、海区阵风7-8级。深圳市气象台2019年10月08日15时40分发布"
"2019-10-11 16:00:00",128126,"【深圳市天气提示】#周末转雷阵雨#12日多云，有轻微至轻度霾，午后至夜间转阵雨，雨时伴有短时雷暴，气温24-31℃；13-15日受弱冷空气影响，风力逐日加大，最大阵风7级，气温下降2-4℃，早晚天气稍凉，其中13-14日有（雷）阵雨，15日多云；16日起转晴好干燥天气。深圳市气象台2019年10月11日16时发布"
"2019-11-01 15:35:00",128986,"【深圳市天气提示】#未来一周持续干燥#2日晴天间多云，空气干燥，气温22-29℃；11月3-5日晴天间多云，其中4日起气温略降，昼夜温差加大，空气持续干燥；6-8日多云为主，沿海和高地及海区有阵风6-7级，气温小幅波动。森林火险黄色预警持续生效，请继续做好防火安全管理和宣传工作。深圳市气象台2019年11月1日15时35分发布"
"2019-11-02 15:45:00",129026,"【深圳市天气提示】#未来一周持续干燥#3-5日晴天间多云，3日气温22-29℃，4-5日气温略降；6日云量增多；7-9日晴天间多云，沿海、高地和海区阵风7级左右，气温下降，早晚清凉。森林火险黄色预警持续生效，请继续做好防火安全管理和宣传工作。深圳市气象台2019年11月02日15时45分发布"
"2019-11-08 16:00:00",129266,"【深圳市天气提示】#周末期间持续天晴干燥#9-11日晴天到多云，昼夜温差大，空气非常干燥，9日气温19-26℃，沿海、高地及海区阵风6-7级；12日云量增多，13-15日受冷空气影响，北风加大，气温下降。空气持续干燥，森林火险橙色预警生效中，请加强防火安全管理和宣传工作。深圳市气象台2019年11月08日16时00分发布"
"2019-11-09 15:45:00",129306,"【深圳市天气提示】#未来一周持续干燥#10-11日晴天间多云，空气非常干燥，10日气温19-26℃；12日云量增多，13-14日受冷空气影响，北风明显加大，气温下降；15-17日晴天干燥，早晚清凉。森林火险橙色预警生效中，请加强防火安全管理和宣传工作。深圳市气象台2019年11月09日15时45分发布"
"2019-11-14 16:00:00",129486,"【深圳市天气提示】#未来三天晴到多云早晚有轻雾或霾#15-17日晴天间多云，早晚清凉，空气干燥，部分时间能见度较差，15日气温19-26℃；18-20日新一股冷空气影响，北风明显加大，气温下降；21日风力减弱。森林火险橙色预警信号持续生效中，请做好防火安全管理。深圳市气象台2019年11月14日16时发布"
"2019-11-19 15:30:00",129667,"【深圳市天气提示】#气温回升 空气持续干燥#20-22日天气晴朗干燥，早晚清凉，气温逐日回升，20日16-24℃；23-24日云量增多，24日转有阵雨；25-26日冷空气影响，阵雨转多云，气温略降。森林火险橙色预警信号持续生效中，请继续做好防火安全管理。深圳市气象台2019年11月19日15时30分发布"
"2019-11-22 15:40:00",129766,"【深圳市天气提示】#周末期间持续晴天干燥#23-25日晴天间多云，早晚有轻雾或霾，气温19-28℃；26日冷空气影响，云量增多，沿海、高地和海区阵风6级左右，气温下降2-3℃；27日风力减弱，气温短暂回升，28-29日冷空气补充影响，北风再次加大，气温略降。森林火险橙色预警信号持续生效中，请继续做好防火安全管理。深圳市气象台2019年11月22日15时40分发布"
"2019-11-30 16:00:00",130086,"【深圳市天气提示】#下周气温逐日下降天气转冷#1日晴天干燥，气温继续回升，早晚有轻雾或霾，17-26℃；下周冷空气活动频繁，1日夜间至3日受冷空气影响，气温下降4℃左右，早晚较冷，沿海、高地和海区最大阵风7-8级；4日风力减弱；5-8日冷空气补充影响，风力再次加大，气温继续下降。森林火险橙色预警信号持续生效中。深圳市气象台2019年11月30日16时发布"
"2019-12-04 15:50:00",130286,"【深圳市天气提示】#5日北风加大，天气阴冷#受“北冕”和冷空气共同影响，5-7日我市北风强劲，沿海、高地和海区有8-9级阵风。5日白天至夜间云量增多，有零星小雨，气温11-15℃，体感阴冷；6-7日天晴干燥，早晚较冷；8日起风力减弱，气温逐渐回升。本周后期天气较冷、大风持续时间长，建议加强沿海、海上活动和作业安全管理以及防寒保暖、疾病预防工作。深圳市气象台2019年12月04日15时50分发布"
"2019-12-19 16:00:00",130866,"【深圳市天气提示】#20-21日天气阴凉#20-21日阴天间多云，有分散小雨和轻雾，沿海、高地和海区阵风6-7级，20日气温15-21℃；22日转多云，23-25日可见阳光，气温回升。森林火险红色预警信号降级为黄色，请继续做好防火工作。深圳市气象台2019年12月19日16时00分发布"
"2019-09-16 15:50:00",127126,"【深圳市天气提示】#17日仍有短时降雨，18日转闷热天气#17日多云，有短时（雷）阵雨，气温26-33℃；18-19日晴天间多云，天气闷热，午后局地有短时阵雨；20-23日晴热干燥。请注意防暑降温，防范雷电和局地短时强降雨。深圳市气象台2019年09月16日15时50分发布"
"2019-09-28 16:00:00",127666,"【深圳市天气提示】#未来3-4天持续天晴干燥#29-30日我市晴天到多云，空气干燥，部分时间有轻微至轻度霾，29日气温24-32℃；展望国庆假期我市维持晴天到多云天气，部分时间能见度较低。森林火险预警生效中，请继续做好防火安全宣传和管理工作。深圳市气象台2019年09月28日16时00分发布"
"2019-10-09 15:50:00",128046,"【深圳市天气提示】#未来2天持续干燥#10-11日晴天间多云，空气干燥，10日气温25-32℃；12日多云，午后局部有雷阵雨；13日起受弱冷空气影响，气温下降2-4℃，沿海、地和海区最大阵风7-8级，其中13-14日有阵雨或雷阵雨；15-16日转干燥天气高。深圳市气象台2019年10月09日15时50分发布"
"2019-10-10 16:10:00",128086,"【深圳市天气提示】#周末期间转雨，气温下降#11日晴天间多云，空气干燥，气温26-32℃；12日多云间阴天，局部有阵雨或雷阵雨；13-15日弱冷空气影响，有（雷）阵雨，北风加大，沿海、高地和海区阵风可达7-8级，气温下降2-4℃。请继续做好防火安全管理和宣传工作，周末期间关注雷阵雨的影响。深圳市气象台2019年10月10日16时10分发布"
"2019-10-12 15:55:00",128166,"【深圳市天气提示】#未来两天冷空气影响，我市转阴雨#13-14日阴天，有阵雨，沿海和海区阵风6-7级，气温23-28℃，天气转凉；15日转多云，沿海和海区阵风7级，早晚较凉；16-19日晴天干燥。深圳市气象台2019年10月12日15时55分发布"
"2019-10-21 15:45:00",128546,"【深圳市天气提示】#23-24日云量增多有分散小雨#22日晴天干燥，早晚有轻雾或轻微霾，气温22-30℃；23-24日云量增多，有分散小雨，气温略降；25-27日转晴天到多云。森林火险黄色预警生效中，请继续做好防火安全管理和宣传工作。深圳市气象台2019年10月21日15时45分发布"
"2019-10-26 16:05:00",128746,"【深圳市天气提示】#下周初弱冷空气影响，气温略降#26日夜间有零星小雨，27日多云，气温22-28℃；28-29日受弱冷空气影响，云量增多，有分散小雨，气温下降；30-31日再转晴朗干燥天气，昼夜温差较大。森林火险黄色预警生效中，请继续做好防火安全管理和宣传工作。深圳市气象台2019年10月26日16时05分发布"
"2019-11-05 16:00:00",129146,"【深圳市天气提示】#本周中后期干燥加剧#6日晴朗干燥，气温20-28℃；7-9日冷空气扩散影响，北风加大、沿海及高地阵风可达7-8级，气温略降、干燥加剧；10-12日多云间晴，空气持续干燥。森林火险黄色预警持续生效，请继续做好防火安全管理和宣传工作。深圳市气象台2019年11月05日16时00分发布"
"2019-12-03 08:20:00",130226,"【深圳市天气提示】今年第28号台风“北冕”（强台风级）将于3日夜间进入南海中部海面，并向偏西方向移动，5日后转向偏南方向并逐渐减弱消失。受“北冕”和冷空气的共同影响，4日晴天间多云，气温11-20℃，阵风6-7级；5-7日冷空气补充影响，沿海高地和海区阵风8-9级，其中5-6日天色阴沉，偶有零星小雨，气温下降，体感阴冷；8日起风力减弱，气温回升。海上大风维持时间较长，海上活动请提前做好防御；本周后期天气较冷，注意做好防寒保暖。深圳市气象台2019年12月03日08时20分发布"
"2019-12-05 15:30:00",130306,"【深圳市天气提示】#6日北风清劲可见阳光#5日夜间至6日零星小雨转晴天，沿海和海区最大阵风8级左右，早晚较冷，11-16℃；7日风力减弱，天晴空气非常干燥；8-12日天晴干燥，气温逐日回升。天冷风大，建议做好沿海、海上的安全管理以及防寒保暖、疾病预防工作。深圳市气象台2019年12月5日15时30分发布"
"2019-12-08 16:00:00",130426,"【深圳市天气提示】#气温逐日回升 森林火险红色预警继续生效#9日起我市气温逐日回升，9-11日大致晴郎干燥，9日气温13-21℃；12-14日云量逐渐增多、湿度逐日增大，干燥程度逐渐缓解；15日多云间阴天，偶有零星小雨。森林火险红色预警正在生效，请加强森林防火安全巡查。深圳市气象台2019年12月08日16时00分发布"
"2019-12-09 16:10:00",130466,"【深圳市天气提示】#未来3-4天持续干燥，气温逐渐回升#10-13日晴天间多云，空气极度干燥，10日气温14-22℃；14日起云量增多、湿度增大，干燥程度将逐渐缓解。森林火险红色预警信号生效中，请加强森林防火安全巡查。深圳市气象台2019年12月09日16时15分发布"
"2019-12-20 16:10:00",130906,"【深圳市天气提示】#周六天气清凉，周日可见阳光#20日夜间至21日阴天间多云，有分散小雨，早晚有轻雾或雾，气温16-22℃；22-25日多云为主，可见阳光，气温逐日回升；26-27日冷空气影响，云量增多，气温略有下降。森林火险黄色预警信号生效中，请继续做好防火工作。深圳市气象台2019年12月20日16时10分发布"
"2019-12-21 15:40:00",130946,"【深圳市天气提示】#下周前中期可见阳光气温回升#22-25日多云间晴天，早晚有轻雾，天气回暖，22日气温16-24℃；26-27日冷空气影响，北风强劲，气温下降，天气再次转凉；28-29日阴天间多云，有小雨。森林火险黄色预警信号生效中，请继续做好防火工作。深圳市气象台2019年12月21日15时40分发布"
"2019-12-23 15:50:00",131026,"【深圳市天气提示】#未来3天白天温暖，早晚能见度低#24-26日我市多云为主，有轻雾或霾，24日气温18-25℃；26日夜间至27日受冷空气影响，北风加大，沿海、高地和海区有7级左右阵风，气温下降，天气转凉。森林火险黄色预警信号生效中，请继续做好防火工作。深圳市气象台2019年12月23日15时50分发布"
"2019-12-25 16:00:00",131106,"【深圳市天气提示】#26日夜间起天气转凉#26日白天多云间晴天，气温18-25℃，有轻雾或霾；26日傍晚至27日受冷空气影响，北风加大，沿海、高地和海区最大阵风7级左右，气温下降4-5℃，天气转凉；28日多云为主，早晚清凉；29-30日有一次明显降雨过程。森林火险黄色预警信号生效中，请继续做好防火工作。深圳市气象台2019年12月25日16时00分发布"
"2019-09-20 16:25:00",127366,"【深圳市天气提示】#周末期间持续天晴干燥# 21-22日晴天间多云，空气干燥，21日气温25-32℃，森林火险黄色预警信号持续生效；23-26日以多云间晴天为主。请做好防暑防晒和用火安全管理工作。深圳市气象台2019年09月20日16时25分发布"
"2019-09-23 15:35:00",127486,"【深圳市天气提示】#晴到多云 空气干燥#24日多云间晴，24-31℃；本周大部分时间我市（含深汕）晴天到多云，空气干燥，森林火险黄色预警继续生效；请继续做好防火安全宣传和管理工作。深圳市气象台2019年09月23日15时35分发布"
"2019-09-27 15:45:00",127626,"【深圳市天气提示】#国庆假期晴天到多云为主#28-30日我市晴天到多云，有轻微至轻度霾，28日气温24-32℃；展望国庆假期期间，我市天气平稳，降水稀少，维持晴天到多云天气，部分时间能见度较差。森林火险预警持续生效中，请继续做好防火安全宣传和管理工作。深圳市气象台2019年09月27日15时45分发布"
"2019-11-16 16:00:00",129566,"【深圳市天气提示】#18日傍晚起北风加大天气转冷#17日晴天间多云，气温20-28℃；18日傍晚至19日冷空气影响，北风强劲，最大阵风7-8级，天气转冷，19日早晨最低气温15℃左右；20日白天风力减弱，气温开始回升。森林火险橙色预警信号持续生效中，请继续做好防火安全管理。深圳市气象台2019年11月16日16时发布"
"2019-11-21 15:35:00",129727,"【深圳市天气提示】#22-24日晴天到多云早晚有轻雾或霾#22日晴天干燥，早晚清凉，气温18-26℃；23-24日多云间晴天，部分时间有轻雾或霾；25日夜间至26日冷空气影响，北风加大，气温略降；展望27日夜间冷空气继续补充，气温持续下降。森林火险橙色预警信号持续生效中，请继续做好防火安全管理。深圳市气象台2019年11月21日15时35分发布"
"2019-12-13 16:00:00",130606,"【深圳市天气提示】#14日晴朗干燥15日起云量增多#14日晴天，空气非常干燥，中北部地区部分时间有霾，气温17-25℃；15日湿度增大，云量增多，早晚偶有零星小雨；16-18日多云间阴天，气温继续回升，早晚有轻雾或雾。森林火险红色预警信号持续生效中，请做好防火工作。深圳市气象台2019年12月13日16时发布"
"2019-12-16 15:40:00",130726,"【深圳市天气提示】#17-18日天气温暖，19-20日转凉#17-18日多云，可见阳光，早晚有轻雾，17日气温20-26℃；19-21日冷空气影响，转阴天有短时小雨，气温下降，天气转凉；22-23日多云，可见阳光，气温回升。森林火险红色预警信号持续生效中，请继续做好防火工作。深圳市气象台2019年12月16日15时40分发布"
"2019-09-12 16:05:00",126966,"【深圳市天气提示】#中秋节天气闷热，可见月亮#13日多云间晴天，局部有短时雷阵雨，最高气温34-36℃；14-15日多云有雷阵雨，雷雨时可能伴有7级左右短时大风，高温天气逐渐缓解。16-19日多云为主，有短时阵雨或雷阵雨。请继续做好防暑降温工作，并防范局地强对流天气的影响。深圳市气象台2019年09月12日16时20分发布"
"2019-09-14 15:55:00",127046,"【深圳市天气提示】#未来2天高温缓解有雷阵雨#15日多云间阴天，有（雷）阵雨，气温28-32℃；16日多云，有短时阵雨；展望17-21日多云为主，有短时阵雨。需注意防范局地强对流天气。深圳市气象台2019年09月14日15时55分发布"
"2019-09-17 16:00:00",127226,"【深圳市天气提示】#18日局部有短时（雷）阵雨，19-22日转晴热干燥#18日多云间晴天，局部地区有短时（雷）阵雨，气温26-33℃；19-22日天气转趋晴热干燥。请注意防范局地短时雷雨带来的雷电、大风和短时强降水，本周中后期注意防火安全工作。深圳市气象台2019年09月17日16时00分发布"
"2019-09-18 16:15:00",127266,"【深圳市天气提示】#19日白天起转晴热干燥天气# 18日夜间有短时雷阵雨，19日晴天间多云，气温26-33℃；20-23日持续晴热干燥。请注意防范局地短时雷雨，并做好防暑防晒和用火安全工作。深圳市气象台2019年09月18日16时15分发布"
"2019-09-19 15:55:00",127306,"【深圳市天气提示】#未来三日晴天干燥# 20日晴天间多云，气温26-33℃；21-22日持续晴天干燥；23-26日以多云为主。请做好户外工作者防暑防晒和野外用火安全管理工作。深圳市气象台2019年09月19日15时55分发布"
"2019-09-22 15:55:00",127446,"【深圳市天气提示】#下周以晴天到多云为主#周一多云，湿度略升，气温24-30℃，东部沿海风力减弱；下周二至周日多云间晴天，部分时间有短时阵雨。请继续做好用火用电安全管理工作。深圳市气象台2019年09月22日15时55分发布"
"2019-10-03 16:00:00",127826,"【深圳市天气提示】#未来2天晴朗干燥天气持续#4-5日晴天间多云，空气干燥，中北部地区早晚有轻雾或轻微霾，4日26-32℃；6-7日转小到中雨，气温下降，最大阵风6-7级；展望8-11日多云到晴天。森林火险预警持续生效中，请继续做好防火安全宣传和管理工作。深圳市气象台2019年10月3日16时发布"
"2019-10-14 16:05:00",128246,"【深圳市天气提示】#15日降雨结束，16日起再转干燥天气#15日转多云，沿海、高地和海区阵风可达7-8级，气温23-29℃，早晚天气稍凉；16-21日晴天到多云，天气干燥。未来两天沿海和海区北风强劲，请关注大风对海上活动和交通的影响。深圳市气象台2019年10月14日16时05分发布"
"2019-10-17 15:40:00",128386,"【深圳市天气提示】#未来一周持续干燥天气#18-22日晴天干燥，早晚稍凉，18日气温23-29℃；23-24日多云，空气干燥，早晚有轻雾。请做好防火安全管理和宣传工作。深圳市气象台2019年10月17日15时40分发布"
"2019-10-24 15:40:00",128666,"【深圳市天气提示】#未来一周持续干燥天气#25-27日晴天间多云，25日气温23-29℃；28-29日云量增多，部分时间有分散小雨；30-31日晴天间多云。森林火险黄色预警生效中，请继续做好防火安全管理和宣传工作。深圳市气象台2019年10月24日15时40分发布"
"2019-10-27 15:30:00",128786,"【深圳市天气提示】#下周初弱冷空气影响气温略降#受弱冷空气影响，周一至周二云量增多，偶有零星小雨，气温略降，周一气温22-28℃；周三至周末以晴天到多云为主，早晚清凉，昼夜温差加大。森林火险黄色预警持续生效，请继续做好防火安全管理和宣传工作。深圳市气象台2019年10月27日15时30分发布"
"2019-11-06 15:35:00",129186,"【深圳市天气提示】#森林火险黄色预警升级为橙色#7-9日晴天，空气非常干燥，沿海及高地阵风7级左右，气温20-26℃；10-12日多云间晴天，空气持续干燥。干燥加剧，请加强防火安全管理和宣传工作；海区风力较大，海港码头、海岛旅游和海上项目需注意防风。另外，今年第24号台风“娜基莉”生成，趋向越南南部，对我市无直接风雨影响。深圳市气象台2019年11月06日15时35分发布"
"2019-11-07 16:00:00",129226,"【深圳市天气提示】#晴天干燥天气持续#8-9日晴天，空气非常干燥，沿海及高地阵风6-7级，气温20-26℃；10-12日晴天到多云，空气干燥，风力减弱；展望13-14日受弱冷空气影响，北风加大，气温小幅波动。我市持续干燥，森林火险橙色预警生效中，请加强防火安全管理和宣传工作。深圳市气象台2019年11月07日16时00分发布"
"2019-11-10 15:30:00",129346,"【深圳市天气提示】#未来一周持续干燥#周一至周二晴天到多云，空气干燥，早晚有轻雾或霾，气温19-26℃；周三夜间至周四受冷空气影响，沿海和高地及海区阵风7-8级，气温下降；周五至周日晴天干燥，早晚清凉，昼夜温差大。森林火险橙色预警生效中，请加强防火安全管理和宣传工作。深圳市气象台2019年11月10日15时30分发布"
"2019-11-13 16:00:00",129448,"【深圳市天气提示】#今夜北风加大，阵风7级#13日夜间至14日冷空气影响，沿海、高地和海区最大阵风7级，气温略降，19-26℃；15-17日晴天，风力减弱；18-19日新一股冷空气影响，将出现大风和降温。天干物燥风大，森林火险橙色预警信号持续生效中，请做好防火、防风安全管理。深圳市气象台2019年11月13日16时发布"
"2019-11-18 15:45:00",129646,"【深圳市天气提示】#今夜北风强劲气温下降#18日傍晚至19日晴天干燥，最大阵风7-8级，气温15-22℃，天气明显转凉，20日风力减弱；21-22日晴天间多云，气温回升；24日前后云量增多，有阵雨。港口码头及海上活动注意防风；森林火险橙色预警信号持续生效中，请继续做好防火安全管理。深圳市气象台2019年11月18日15时45分发布"
"2019-11-20 16:00:00",129706,"【深圳市天气提示】#未来2-3天空气非常干燥#21-22日晴天为主，昼夜温差大，早晚清凉，21日18-25℃；23-24日云量增多，部分时间有轻雾或霾；25日夜间至26日冷空气影响，气温略降。森林火险橙色预警信号持续生效中，请继续做好防火安全管理。深圳市气象台2019年11月20日16时发布"
"2020-01-07 16:10:00",131667,"【深圳市天气提示】#未来3天沿海和海区风力较大#8日晴朗干燥，沿海和海区最大阵风6-7级，早晚清凉，气温17-24℃；9-11日云量增多，多云为主；11日夜间至12日有小雨，气温下降3-4℃；13-15日多云到晴天。请做好海上活动安全管理和用火安全管理工作。深圳市气象台2020年1月7日16时发布"
"2020-01-08 16:15:00",131707,"【深圳市天气提示】#未来三天云量增多#9-11日多云为主，天气温暖，部分时间有轻雾；12日转阴天有雨，气温下降，天气明显转凉；13-15日多云到晴天。请做好用火安全管理工作。深圳市气象台2020年01月08日16时15分发布"
"2020-01-15 15:55:00",132006,"【深圳市天气提示】#未来两天云量较多#16日多云间阴天，沿海、高地和海区最大阵风5-6级，气温17-24℃；17日多云，气温略降；18-22日多云可见阳光。深圳市气象台2020年01月15日15时55分发布"
"2020-01-20 15:40:00",132226,"【深圳市天气提示】#未来4-5天天气渐趋暖湿#21-24日多云可见阳光，气温回升、湿度增大，早晚有轻雾或雾，21日气温16-22℃、沿海和海区阵风6-7级；25日傍晚前后转受冷空气影响，26-27日有一次明显降雨过程，温差小、天阴冷。关注低能见度对海陆交通的影响和假期期间阴冷天气可能导致的一氧化碳中毒事件。深圳市气象台2020年01月20日15时40分发布"
"2020-01-22 16:45:00",132307,"【深圳市天气提示】#春节假期前暖后冷，初二起气温骤降#廿九至除夕（23-24日）多云间晴天，天气温暖，有轻雾或雾；初一（25日）偶有零星小雨；初二至初三（26-27日）有小到中雨，气温骤降，天气阴冷；初四至初六（28-30日）冷空气影响持续，但天气转晴，白天气温上升，早晚寒冷。未来2-3天关注低能见度天气对交通影响。深圳市气象台2020年1月22日16时45分发布"
"2020-01-21 15:30:00",132267,"【深圳市天气提示】#节前至初一暖湿有雾，初二起转阴冷#节前至春节假期前暖后冷。廿八至除夕（22-24日）多云可见阳光，气温回升、湿度增大，早晚有轻雾或雾；初一（25日）多云间阴天有小雨；初二至初三（26-27日）有小到中雨，气温明显下降，天气阴冷；初四（28日）分散小雨转多云，初五（29日）起晴冷干燥。关注低能见度对海陆交通的影响并做好防范一氧化碳中毒的宣传和管理工作。深圳市气象台2020年01月21日15时45分发布"
"2020-01-23 15:40:00",132346,"【深圳市天气提示】#春节假期前暖后冷，初二起气温骤降#除夕至初一（24-25日）可见阳光，天气温暖，早晚有轻雾或雾，25日偶有零星小雨，气温20-27℃；初二至初三（26-27日）冷空气影响，有小到中雨，气温骤降，天气阴冷，沿海和海区阵风6-8级；初四至初六（28-30日）冷空气影响持续，转晴冷干燥，早晚寒冷，最低气温10℃左右。未来2天关注低能见度对交通的影响。深圳市气象台2020年01月23日15时40分发布"
"2020-01-24 16:00:00",132386,"【深圳市天气提示】#初二起气温骤降，天气转冷#初一（25日）白天多云有零星小雨，早晨有轻雾或雾，气温18-24℃；受冷空气影响，初一夜间转小雨，初二（26日）有小到中雨，气温骤降，天气阴冷，沿海、高地和海区阵风6-7级，初三（27日）小雨转多云；初四至初七（28-31日）冷空气补充影响，转晴冷干燥，早晚寒冷，最低气温10℃左右。需做好防范一氧化碳中毒的宣传和防寒保暖工作。深圳市气象台2020年01月24日16时00分发布"
"2020-01-25 15:10:00",132426,"【深圳市天气提示】#初二起天气阴冷，寒冷黄色预警信号生效中#初一夜间（25日）到初二（26日）阴天有小到中雨，气温逐渐下降到12-13℃，天气阴冷，日温差小，沿海、高地和海区阵风6-7级；初三（27日）早晨最低气温10-11℃；初四至初七（28-31日）以多云到晴天为主，空气干燥，早晚寒冷。需做好防范一氧化碳中毒的宣传和防寒保暖工作。深圳市气象台2020年01月25日15时10分发布"
"2020-01-26 15:50:00",132466,"【深圳市天气提示】#渐转干冷，寒冷黄色预警信号持续生效#初三（27日）多云，部分时间云量较多，气温10-17℃，天气较冷，沿海、海区和高地有6-8级阵风；初四至初七（28-31日）多云到晴天，空气干燥，早晚寒冷。需做好防范一氧化碳中毒的宣传和防寒保暖工作。深圳市气象台2020年01月26日15时50分发布"
"2020-01-28 15:45:00",132566,"【深圳市天气提示】#寒冷黄色预警信号继续生效#初五（29日）多云到晴，白天可见阳光，气温9-17℃，日温差较大，早晚较冷，沿海、海区和高地阵风6-8级；初六至初七（30-31日）晴天到多云，空气干燥，早晚较寒冷，白天可见阳光；2月1-3日多云，寒冷天气缓解，气温回升。需做好防范一氧化碳中毒的宣传、防寒保暖及森林防火工作。深圳市气象台2020年01月28日15时45分发布"
"2020-01-29 15:55:00",132626,"【深圳市天气提示】#未来两天早晚寒冷#初六至初七（30-31日）晴天间多云，早晚寒冷，空气干燥，昼夜温差大，沿海、海区和高地有6-8级阵风，初六气温9-17℃；初八到初十（2月1-3日）冷空气减弱，气温回升，早晚有轻雾或雾，其中3日多云转分散小雨；展望初十一（4日）起受新一股冷空气影响，有分散小雨，气温下降。请做好防寒保暖工作和防范一氧化碳中毒的宣传管理以及森林防火工作。深圳市气象台2020年1月29日16时发布"
"2020-01-30 15:50:00",132666,"【深圳市天气提示】#初七早晚寒冷初八起气温回升#初七（31日）晴天干燥，早晚寒冷，昼夜温差大，沿海、海区和高地有6-8级阵风，气温9-18℃；初八到初九（2月1-2日）冷空气减弱，云量增多气温回升，部分时间有轻雾。3日下午至傍晚受新一股冷空气影响，转分散小雨，4日天色阴沉，气温下降。气温波动明显，请做好防寒保暖工作和防范一氧化碳中毒的宣传管理。深圳市气象台2020年1月30日15时50分发布"
"2020-01-31 16:10:00",132726,"【深圳市天气提示】#初八起气温回升#初八到初十（2月1日至3日白天）冷空气减弱，我市云量逐渐增多，空气干燥，气温回升，初八气温11-20℃，中北部再低1-2℃。3日夜间至4日冷空气影响，阴天为主，有分散小雨，气温下降，天气阴凉。5-6日气温小幅回升。近期气温变化大，早晚较冷，请做好防寒保暖、防一氧化碳中毒和防火安全工作。深圳市气象台2020年01月31日16时10分发布"
"2020-02-01 15:35:00",132766,"【深圳市天气提示】#未来两天气温继续回升#初九到初十白天（2-3日）冷空气减弱，云量增多，早晚有轻雾，气温回升，初九气温13-21℃；3日夜间至4日冷空气影响，阴天有分散小雨，气温下降，风力加大，天气阴凉；5-6日气温小幅回升；7-8日新一股冷空气影响，气温再次下降。近期气温变化大，空气干燥，请做好疾病预防和防火安全工作。深圳市气象台2020年02月01日15时35分发布"
"2020-02-03 15:55:00",132847,"【深圳市天气提示】#4日气温略降,体感较冷#3日夜间至4日弱冷空气影响，有分散小雨，沿海高地和海区有6-7级阵风，气温14-19℃，体感较冷；5日白天至7日气温渐升；8日前后新一股冷空气影响，气温再次下降，日温差加大。本周天气冷暖变化大，请做好防寒保暖、疾病预防和防一氧化碳中毒等工作。深圳市气象台2020年02月03日15时55分发布"
"2020-02-04 15:55:00",132886,"【深圳市天气提示】#5-6日云量较多体感较为阴冷#5-6日阴天间多云，早晚有轻雾或雾，5日气温14-18℃；6日夜间至7日早晨，有分散小雨；7日午后到傍晚受新一股冷空气影响，气温下降，8日起阳光增多，昼夜温差加大。冷空气活动频繁，请做好防寒保暖、疾病防御和防一氧化碳中毒等工作。深圳市气象台2020年2月4日15时55分发布"
"2020-02-05 15:50:00",132926,"【深圳市天气提示】#未来2天有7级阵风，7日午后起气温下降#5日夜间至7日早晨阴天间多云，早晚有零星小雨，高地、沿海及海区最大阵风7级左右，6日气温15-19℃；7日午后起受冷空气影响，阴天，气温下降；8-9日多云转晴天，昼夜温差较大，最低气温13-14℃；10日起天气回暖。海上活动注意防风，近期天气较冷需做好防寒保暖等工作。深圳市气象台2020年2月5日16时发布"
"2020-03-04 15:55:00",134246,"【深圳市天气提示】#5日阴天有雨气温下降#5日阴天有小雨，沿海、海区和高地最大阵风6-7级，气温15-19℃，天气转凉；6日冷空气减弱，7-9日可见阳光，回暖增湿，温暖有雾。需关注雨雾天气对疫情防控、交通的影响，海上活动注意防风。深圳市气象台2020年3月4日15时55分发布"
"2020-03-05 16:00:00",134286,"【深圳市天气提示】#6-9日气温回升#6日阴天间多云，沿海、海区和高地阵风6-7级，16-21℃；7-9日可见阳光，早晚有轻雾；9日夜间至10日冷空气影响，有雷阵雨，沿海、海区和高地阵风7-8级，天气再次转凉；11-12日多云间阴天。需关注雨雾天气对疫情防控、交通的影响，海上作业、活动注意防风。深圳市气象台2020年03月05日16时00分发布"
"2020-03-07 15:30:00",134367,"【深圳市天气提示】#8-9日天气暖湿有(轻)雾#8-9日多云到阴天，20-28℃ ；9日夜间至10日早晨冷空气影响，有（雷）阵雨，沿海、海区和高地阵风7级左右，10日白天降雨结束，天气转凉，11日最低气温降至16℃左右；12-13日多云，气温明显回升。需关注低能见度天气对疫情防控、交通的影响，海上作业注意防风。深圳市气象台2020年3月7日15时30分发布"
"2020-03-06 15:35:00",134327,"【深圳市天气提示】#7-9日天气趋于暖湿有（轻）雾#7日多云、可见阳光，18-25℃；8-9日可见阳光，早晚有轻雾或雾，最低气温回升至21-22℃、最高气温可达28-29℃；9日夜间至10日冷空气影响，有（雷）阵雨，沿海、海区和高地阵风7-8级，天气转凉，11日最低气温降至16℃左右；12-13日多云间阴天，气温回升。需关注雨雾天气对疫情防控、交通的影响，海上作业、活动注意防风。深圳市气象台2020年03月06日15时35分发布"
"2020-03-09 15:40:00",134446,"【深圳市天气提示】#本周多雨雾天气#9日夜间至10日冷空气影响，阵雨转多云，伴零散雷暴，沿海、海区和高地阵风7级左右，17-24℃；11日可见阳光，天气清凉；12-13日多云，早晚有轻雾（或雾），温暖湿润；13日夜间至14日冷空气影响，有阵雨或雷阵雨，气温下降；15-16日多云。需关注雨雾、大风天气对疫情防控、交通和海上作业的影响。深圳市气象台2020年03月09日15时40分发布"
"2020-03-10 16:00:00",134527,"【深圳市天气提示】#12日起回暖增湿早晚有雾#11日多云，最大阵风6-7级，早晚清凉，气温17-23℃；12-13日气温明显回升，温暖湿润，早晚有轻雾或雾；13日夜间受冷空气影响，有（雷）阵雨，北风加大；14-15日转多云间晴天，气温略降，早晚稍凉。未来2-3天交通和海上作业需关注6-7级风和雾的影响。深圳市气象台2020年3月10日16时发布"
"2020-03-11 15:45:00",134547,"【深圳市天气提示】#12-13日暖湿早晚能见度较低#12-13日多云，气温明显回升，温暖湿润，早晚有轻雾或雾和分散小雨，12日气温18-26℃；13日夜间受冷空气影响，有阵雨，沿海、高地和海区有6-7级阵风；14-15日多云，气温略降，早晚稍凉；16-17日多云天气温暖。需关注低能见度和大风对交通和海上作业的影响。深圳市气象台2020年03月11日15时45分发布"
"2020-03-12 15:50:00",134606,"【深圳市天气提示】#13日白天暖湿有雾，夜间起气温略降#12日夜间至13日白天多云间阴天，温暖湿润，有分散小雨和轻雾或雾，气温20-25℃；夜间冷空气影响，有阵雨，沿海、高地和海区有6-7级阵风；14-15日多云，气温略降，早晚稍凉；16-17日多云为主，气温回升。需关注低能见度和大风对交通和海上作业的影响。深圳市气象台2020年03月12日15时50分发布"
"2020-03-15 15:50:00",134767,"【深圳市天气提示】#下周温暖湿润，部分时间有阵雨#周一（16日）多云间阴天，早晚稍凉 ，气温18-23℃；周二（17日）冷空气减弱，气温回升；周三至周四（18-19日）多云到阴天，有阵雨；周五至周日（20-22日）温暖湿润，早晚有轻雾或雾 。 请关注雨雾天气对交通的影响。深圳市气象台2020年03月15日15时50分发布"
"2020-03-13 15:50:00",134687,"【深圳市天气提示】#周末气温略降#13日夜间至14日阵雨转多云，沿海、高地和海区有6-7级阵风，气温略降，18-24℃；15日晴天间多云，早晚稍凉，白天温暖；16-17日多云，气温上升；18-20日有短时阵雨。深圳市气象台2020年3月13日16时发布"
"2020-03-14 15:50:00",134727,"【深圳市天气提示】#周日天晴，下周温暖湿润#15日晴天间多云，早晚清凉，气温17-25℃，沿海、高地和海区阵风6级；16日云量增多，17日起冷空气减弱，气温回升；18-20日温暖湿润，部分时间有阵雨。请关注沿海大风对交通和海上作业的影响。深圳市气象台2020年03月14日15时50分发布"
"2020-03-16 15:50:00",134806,"【深圳市天气提示】#17日回暖增湿，18-19日有雷阵雨#17日可见阳光，早晚有轻雾，19-26℃；18-19日多云到阴天，有雷阵雨局部大雨；20-23日温暖湿润，早晚有轻雾或雾。请关注雨雾天气对交通的影响。深圳市气象台2020年03月16日15时50分发布"
"2020-03-31 16:00:00",135466,"【深圳市天气提示】#本周多雨雾天气#31日夜间至1日小雨转阴天间多云，早晚有轻雾或雾，气温17-23℃；2-3日多云到阴天，间中有分散阵雨，西部有轻雾，东部沿海阵风6-7级；展望清明假期有明显降雨，间中可能伴有雷暴。请关注雨雾天气对交通的影响。深圳市气象台2020年3月31日16时发布"
"2020-04-01 15:50:00",135506,"【深圳市天气提示】#本周多雨雾天气#2日阴天间多云，有分散阵雨，沿海和高地偏东阵风6-7级，气温18-22℃；3日多云间阴天，有轻雾和分散阵雨，气温略升；展望清明假期（4-6日）有一次明显降雨过程，间中伴有雷暴。请关注雨雾天气对交通的影响。深圳市气象台2020年04月01日15时50分发布"
"2020-04-02 15:45:00",135566,"【深圳市天气提示】#清明假期有明显降雨#3日白天多云，夜间有（雷）阵雨，沿海和海区最大阵风6级左右，气温19-23℃；清明假期（4-6日）有明显降雨，间中伴有雷暴，其中，4日有（雷）阵雨，5日夜间至6日有中到大雨局部暴雨，7日阵雨转多云。请防范降雨、雷暴和沿海大风对城市运行的不利影响。深圳市气象台2020年4月2日15时45分发布"
"2020-04-06 15:55:00",135746,"【深圳市天气提示】#降雨减弱，气温逐渐回升#7日阴天间多云，有小到中雨，16-22℃；8日阴天到多云，有分散小雨；9-11日多云，可见阳光；12日有雷阵雨。春季天气变化节奏快，请留意我台发布的最新天气信息。深圳市气象台2020年04月06日15时55分发布"
"2020-04-04 16:00:00",135666,"【深圳市天气提示】#5-6日局部有暴雨，天气阴凉#5日阴天间多云有阵雨局部大雨，气温18-22℃；6日有大雨局部暴雨，伴有短时强降水和短时雷暴；5-6日沿海和海区最大阵风6-7级；7日阵雨转多云；8-11日可见阳光，偶有阵雨，气温上升。请防范短时强降雨、雷暴和沿海大风的影响。深圳市气象台2020年04月04日16时00分发布"
"2020-04-07 15:45:00",135786,"【深圳市天气提示】#未来三天可见阳光气温上升#8日多云间阴天，17-23℃；9-10日晴天间多云，气温继续上升；展望11-12日有一次雷雨天气过程，气温下降，13-14日早晚清凉。春季天气复杂多变，请留意我台发布的最新天气信息。深圳市气象台2020年04月07日15时45分发布"
"2020-04-08 08:25:00",135806,"【深圳市天气提示】#未来三天可见阳光气温上升#8日多云间阴天，最高气温23℃左右；9-10日多云到晴天，气温继续上升；展望11-12日有一次雷雨天气过程，气温下降，13-14日早晚清凉。春季天气复杂多变，请留意我台发布的最新天气信息。深圳市气象台2020年04月08日08时25分发布"
"2020-04-09 15:50:00",135866,"【深圳市天气提示】#11日有强雷雨过程#10日可见阳光，19-26℃ ；11日午后到上半夜有强雷暴和8-9级短时大风等强对流天气，雨量可达中到大雨局部暴雨量级；12日晴朗干燥，沿海、高地和海区有7-8级阵风，气温下降，13日最低气温14℃左右；14-17日气温逐日回升。11日重点防御雷击、风灾、城市积涝、隧道涵洞汇流以及地质灾害等；12日沿海、高地和海区需防御冷空气大风。深圳市气象台2020年04月09日15时50分发布"
"2020-04-08 15:55:00",135826,"【深圳市天气提示】#9-10日可见阳光，气温上升#9-10日多云间晴天，气温上升，9日气温18-25 ℃ ；11日白天到夜间受冷空气和切变线影响，我市有雷雨，部分时间雨势较大；12-13日降雨结束，转多云，空气趋于干燥，气温下降3-4 ℃，早晚清凉；14日起气温逐步回升。春季天气复杂多变，请留意我台发布的最新天气信息。深圳市气象台2020年04月08日15时55分发布"
"2020-04-10 16:00:00",135906,"【深圳市天气提示】#11日转强雷雨#10日夜间至11日白天多云，午后至傍晚转强雷雨天气，并伴有8-9级短时大风，局部雨量可达暴雨，雷雨天气影响时间较短，天气剧烈；12-13日冷空气影响，晴朗干燥，最大阵风7-8级，气温下降4℃左右，13日最低气温14℃。11日重点防御雷击、风灾、城市积涝、隧道涵洞汇流等。深圳市气象台2020年4月10日16时发布"
"2020-06-28 15:50:00",140146,"【深圳市天气提示】#闷热天气持续#6月29日至7月1日多云，局地有短时（雷）阵雨，天气闷热，气温28-33℃，中北部最高气温可达35℃或以上；2-3日多云，有（雷）阵雨，部分时间雨势稍大；4-5日有雷阵雨。高温黄色预警信持续生效中，请继续做好防暑降温工作和关注局地短时雷雨天气的影响。深圳市气象台2020年06月28日15时50分发布"
"2020-07-17 15:30:00",141306,"【深圳市天气提示】#未来一周晴热为主偶有短时雷雨#预计18-23日晴天到多云，有局地短时（雷）阵雨，天气持续闷热，18日气温27-33℃，中北部及人口密集地区35-36℃；高温黄色预警信号持续生效，请继续做好防暑降温、食品安全管理等工作，并关注局地短时雷雨的影响。深圳市气象台2020年07月17日15时30分发布"
"2020-07-22 15:55:00",141667,"【深圳市天气提示】#未来3-4天持续晴热#23-26日晴天间多云，局地有短时（雷）阵雨，23日最高气温33-34 ℃ ，中北部可达35-36 ℃；27-29日多云，有短时（雷）阵雨。高温黄色预警信号生效中，请继续做好防暑降温和食品安全管理，并关注局地短时雷雨的影响。深圳市气象台2020年07月22日15时55分发布"
"2020-08-21 15:45:00",143427,"【深圳市天气提示】22-24日天气闷热，有分散的短时（雷）阵雨和轻微至轻度霾，最高气温34-36℃；25-26日有雷阵雨，部分时间雨势较大；27-29日有一次明显雷雨过程。高温黄色预警生效中，请注意防暑降温。深圳市气象台2020年08月21日15时45分发布"
"2020-08-25 15:30:00",143607,"【深圳市天气提示】26-27日有强雷雨，并伴有8级短时大风等强对流天气，主要影响时段在26日傍晚至27日午后；27日夜间降雨明显减弱；28-31日多云间晴天，局地有短时（雷）阵雨。明后两天天气转折，高温短暂缓解，注意防范雷雨天气的影响。深圳市气象台2020年8月25日15时30分发布"
"2020-08-31 16:15:00",143906,"【深圳市天气提示】受“美莎克”外围下沉气流影响，9月1-3日我市闷热天气持续，部分时间有霾，中午至前半夜易出现局地雷雨，最高气温达34-36℃；4-7日多云为主，有短时（雷）阵雨。高温黄色预警生效中，请做好防暑降温及安全用电管理工作，并注意防范局地快速发展加强的短时强降水。深圳市气象台2020年08月31日16时15分发布"
"2021-08-20 16:05:00",162697,"【深圳天气提示】21日晴天间多云，局部有短时（雷）阵雨，气温27-33℃，中北部及人口密集地区35℃或以上，天气炎热；22-25日多云到晴天，早晨和午后易出现阵雨或雷雨，其中23-24日局部可达大雨；展望26日起，受东南气流影响，降雨趋于频密，有局部暴雨。请继续做好防暑降温工作，同时关注局地雷雨的影响。深圳市气象台2021年08月20日16时05分发布"
"2021-08-21 15:20:00",162757,"【深圳天气提示】22日晴天间多云，局地有短时（雷）阵雨，气温27-33℃，中北部及人口密集地区35℃以上，天气炎热；23-26日多云为主，炎热天气持续，早晨和午后局地有短时（雷）阵雨，其中23-24日局部大雨；展望27日前后降雨趋频密，局部有暴雨。请继续做好防暑降温工作，并关注局地雷阵雨的影响。深圳市气象台2021年8月21日15时20分发布"
"2021-08-23 16:10:00",162856,"【深圳天气提示】我市（含深汕）24日多云炎热为主，有短时（雷）阵雨；25-26日多云局部有雷阵雨；27-28日多云到阴天，有（雷）阵雨，部分时间雨势较大；29-30日再转炎热天气。请继续做好防暑降温工作，并关注局地雷雨的影响。深圳市气象台2021年08月23日16时10分发布"
"2021-08-24 16:00:00",162897,"【深圳天气提示】25-26日晴天到多云，局部有短时（雷）阵雨，天气炎热，25日气温27-33℃，中北部及人口密集地区35℃或以上；27-29日雷阵雨增多，局部可达暴雨，高温有所缓解；展望30-31日仍有雷阵雨。请继续做好防暑降温工作，并关注局地雷雨的影响。深圳市气象台2021年08月24日16时发布"
"2021-08-25 16:10:00",162936,"【深圳天气提示】26日多云间晴天，局部有短时（雷）阵雨，天气炎热，气温27-33℃，中北部及人口密集地区35℃或以上；27-29日多云间阴天，有雷阵雨，其中27日局部可达暴雨；30-31日多云，有雷阵雨。请继续做好防暑降温工作，并关注局地雷雨的影响。深圳市气象台2021年08月25日16时10分发布"
"2021-08-31 15:55:00",163236,"【深圳天气提示】我市（含深汕）9月1日有（雷）阵雨，局部可达大雨；2-3日多云间晴天，局部有短时（雷）阵雨；4-5日有阵雨或雷阵雨。请注意防范局地强雷雨，关注降雨对早晨上班（学）交通的影响。深圳市气象台2021年08月31日15时55分发布"
"2021-09-03 15:40:00",163436,"【深圳天气提示】4日多云到晴天为主，有局地短时（雷）阵雨，气温27-33℃；4日夜间至5日有雷阵雨，部分时间雨势较大，局部可达大雨；展望6-8日阳光阵雨相伴，天气炎热。请注意防范局地雷雨造成的不利影响。深圳市气象台2021年09月03日15时40分发布"
"2021-09-04 15:50:00",163496,"【深圳天气提示】4日夜间至5日有雷阵雨，部分时间雨势较大，局部可达大雨；6日多云间晴天，有短时阵雨；7日有雷阵雨，局地雨势较大；展望8-10日阳光阵雨相伴，天气炎热。请注意防范局地雷雨造成的不利影响。深圳市气象台2021年09月04日15时50分发布"
"2021-09-06 16:25:00",163636,"【深圳天气提示】7日多云，有短时（雷）阵雨，气温26-33℃；8-10日多云到晴天，天气炎热，午后局地有热雷雨；11-12日阴天，间中有（雷）阵雨，有时雨势较大；13日阵雨转多云。请注意防范局地短时雷雨，并关注降雨对上下班（学）交通影响。深圳市气象台2021年9月6日16时25分发布"
"2021-09-08 16:20:00",163776,"【深圳天气提示】“康森”将于9日进入南海，趋向海南岛东南部海面；“灿都”向西北移动，趋向巴士海峡附近。9日晴天间多云，天气炎热，午后易出现局地热雷雨，气温27-34℃；10-11日有间歇性阵雨，局部可达大雨到暴雨；12-13日多云炎热，有短时阵雨或雷阵雨。高温黄色预警信号生效中，请继续做好防暑降温工作，同时关注局地雷雨的影响。深圳市气象台2021年09月08日16时20分发布"
"2021-09-09 17:05:00",163816,"【深圳天气提示】10日多云，有间歇性阵雨，局地可达大雨，气温26-33℃；11-12日天气炎热到酷热，午后易出现强对流天气；13-14日多云，有雷阵雨。高温黄色预警信号生效中，请继续做好防暑降温工作，同时防范高温天气下局地强对流天气。深圳市气象台2021年09月09日17时05分发布"
"2021-09-10 16:00:00",163857,"【深圳天气提示】周末期间（11-12日）晴天间多云，高温炎热程度加剧，最高气温可达35-37℃，大气污染扩散条件差，午后易发局地强对流；13-14日有雷阵雨，部分时间雨势较大；15-17日多云为主 ，有短时阵雨。高温黄色预警信号生效中，在做好防暑降温工作的同时 ，请注意防范局地强雷雨及短时大风带来的不利影响。深圳市气象台2021年09月10日16时发布"
"2021-09-11 16:10:00",163896,"【深圳天气提示】12日多云间晴天，有短时雷雨，并伴有7-8级短时大风，气温28-35℃，中北部最高气温可达37℃；13-14日多云有（雷）阵雨，局地雨势较大；15-19日多云 ，有短时阵雨或雷雨。高温橙色预警信号生效中，在做好防暑降温工作的同时 ，请注意防范局地强雷雨及短时大风带来的不利影响。深圳市气象台2021年09月11日16时10分发布"
"2021-09-14 16:00:00",164036,"【深圳天气提示】15-16日多云，有（雷）阵雨，局地有暴雨，其中15日天气炎热，气温26-33℃；17日多云有阵雨，18-22日多云到晴天，局地有短时（雷）阵雨。近期天气不稳定，需关注炎热天气背景下的局地强降水、雷暴及短时大风带来的不利影响。深圳市气象台2021年09月14日16时00分发布"
"2021-09-15 15:50:00",164097,"【深圳天气提示】16-17日多云，有雷阵雨，局部可达暴雨，雨时伴有6-8级短时大风，16日气温26-33℃；18-19日多云，有阵雨或雷雨；20-22日晴天到多云，局部有短时阵雨，天气炎热。高温黄色预警生效中，请继续做好防暑降温，同时防范局地强雷雨和短时大风造成的不利影响。深圳市气象台2021年09月15日15时50分发布"
"2021-09-16 17:00:00",164176,"【深圳天气提示】17日多云，有（雷）阵雨，部分时间雨势较大，雷雨时伴有6-7级短时阵风，气温27-33℃；18-19日多云，有短时（雷）阵雨；20-23日多云到晴天，局地有短时（雷）阵雨。高温黄色预警生效中，请继续做好防暑降温，同时防范局地雷雨的影响。深圳市气象台2021年09月16日17时00分发布"
"2021-09-17 15:55:00",164237,"【深圳天气提示】18日多云，有短时阵雨或雷雨，气温27-33℃；19-21日（中秋假期）多云炎热为主，局地有短时（雷）阵雨；22-25日多云到晴天，局地有短时（雷）阵雨。深圳高温黄色和深汕高温橙色预警信号继续生效，在做好防暑降温工作的同时 ，请注意防范局地强雷雨及短时大风带来的不利影响。深圳市气象台2021年09月17日15时55分发布"
"2021-09-20 15:50:00",164396,"【深圳天气提示】21-22日多云，天气炎热，间中有短时（雷）阵雨，局部大雨，21日气温27-33℃，中秋夜可见月亮；23-24日有雷阵雨，部分时间雨势较大；25-27日天气炎热，偶有短时（雷）阵雨。请注意防暑降温，并防范局地强雷雨及短时大风。深圳市气象台2021年9月20日15时50分发布"
"2021-09-21 16:10:00",164436,"【深圳天气提示】21日夜间多云到晴天，可见月亮；22日多云，天气炎热，间中有短时（雷）阵雨，局部大雨，气温27-33℃；23-24日有雷阵雨，部分时间雨势较大；25-27日天气炎热，偶有短时（雷）阵雨。请注意防暑降温，并防范局地强雷雨及短时大风。深圳市气象台2021年09月21日16时10分发布"
"2021-09-20 15:50:00",164396,"【深圳天气提示】21-22日多云，天气炎热，间中有短时（雷）阵雨，局部大雨，21日气温27-33℃，中秋夜可见月亮；23-24日有雷阵雨，部分时间雨势较大；25-27日天气炎热，偶有短时（雷）阵雨。请注意防暑降温，并防范局地强雷雨及短时大风。深圳市气象台2021年9月20日15时50分发布"
"2021-09-21 16:10:00",164436,"【深圳天气提示】21日夜间多云到晴天，可见月亮；22日多云，天气炎热，间中有短时（雷）阵雨，局部大雨，气温27-33℃；23-24日有雷阵雨，部分时间雨势较大；25-27日天气炎热，偶有短时（雷）阵雨。请注意防暑降温，并防范局地强雷雨及短时大风。深圳市气象台2021年09月21日16时10分发布"
"2021-09-22 15:50:00",164497,"【深圳天气提示】受偏东气流影响，23-25日多阵雨，局部可达大雨，高温天气短暂缓解，其中23日气温26-32℃；26日多云，有阵雨；27-29日晴天到多云为主，天气炎热。未来几日降雨易发生在凌晨至上午，请注意防范局地雷雨及短时大风给早高峰城市运行带来的不利影响。深圳市气象台2021年09月22日15时50分发布"
"2021-09-23 16:05:00",164576,"【深圳天气提示】24日多云间阴天，有（雷）阵雨，局部大雨到暴雨，雨时伴7级左右短时大风，气温27-32℃，凌晨至上午强降雨风险高；25-26日多云，有分散阵雨；27-30日晴天到多云为主，天气炎热。请注意防范局地雷雨及短时大风给早高峰城市运行带来的不利影响。深圳市气象台2021年09月23日16时05分发布"
"2021-09-24 16:15:00",164636,"【深圳天气提示】25日多云，有分散阵雨，局部雨势较大，气温27-33℃；26日有短时阵雨，天气趋于炎热；27-30日晴天到多云为主，天气炎热。请注意防范局地雷雨及短时大风带来的不利影响。深圳市气象台2021年09月24日16时15分发布"
"2021-09-25 15:30:00",164676,"【深圳天气提示】26日大致多云，偶有分散阵雨，气温27-33℃；27-30日晴天到多云，天气持续炎热。请做好防暑降温工作，并注意防范突发局地短时强降水可能带来的不利影响。深圳市气象台2021年09月25日15时30分发布"
"2021-09-27 15:55:00",164777,"【深圳天气提示】28-30日多云到晴天，天气炎热，风力微弱，28日气温27-33℃，中北部及人口密集区可达35℃或以上；10月1-3日多云，局地偶有短时（雷）阵雨。高温黄色和森林火险黄色预警信号生效中，请做好防暑降温工作，注意防火。深圳市气象台2021年09月27日15时55分发布"
"2021-09-30 15:55:00",164917,"【深圳天气提示】我市（含深汕）国庆假期初期（1-2日）多云炎热，午后局地有短时（雷）阵雨，气温28-33℃；中期（3-5日）晴天间多云，偶有短时（雷）阵雨；后期（6-7日）多云间晴天，间中有（雷）阵雨，沿海、高地和海区最大阵风可达6-7级。请做好防暑防火工作，关注假期后期短时雷雨天气对水陆和航空交通的影响。深圳市气象台2021年09月30日15时55分发布"
"2021-10-01 16:10:00",164996,"【深圳天气提示】2日我市多云，局地有短时（雷）阵雨，气温28-33℃；3日多云，有短时（雷）阵雨，炎热有所缓解；4-7日多云间晴天，间中偶有（雷）阵雨，沿海、高地和海区最大阵风可达6-7级。请做好防暑防火工作，关注短时雷雨和大风对旅游、交通等的影响。深圳市气象台2021年10月01日16时10分发布"
"2021-10-02 15:50:00",165056,"【深圳天气提示】3日多云，间中分散（雷）阵雨，气温27-32℃；4-8日天气炎热，局地偶有（雷）阵雨，沿海、高地和海区阵风加大至6-7级；9日起降雨增多。请注意防暑防火工作，关注局地雷雨的影响。深圳市气象台2021年10月2日15时50分发布"
"2021-10-04 16:05:00",165156,"【深圳天气提示】5-7日多云间晴，天气炎热，局地偶有（雷）阵雨，沿海、高地和海区有6-7级风，5日气温26-33℃；受南海低压系统影响，8日起降雨增多。请注意防暑防火工作，关注局地雷雨的影响。深圳市气象台2021年10月04日16时05分发布"
"2021-10-05 16:00:00",165196,"【深圳天气提示】6-7日晴天间多云，天气炎热，最高气温33-35℃，沿海、高地和海区阵风7-8级，7日午后局地有热雷雨；受南海低压系统影响，8-10日风力加大，有明显降雨。请注意防暑防火，并关注午后热雷雨的影响。深圳市气象台2021年10月5日16时0分发布"
"2021-10-06 16:15:00",165276,"【深圳天气提示】7日晴天间多云，天气炎热，有短时雷阵雨，最高气温33-35℃，沿海、高地和海区阵风7-8级；受南海低压系统影响，8-10日有较明显风雨过程。请注意防暑防火，并关注午后热雷雨的影响。深圳市气象台2021年10月06日16时15分发布"
"2021-10-06 17:10:00",165296,"【深圳气象信息快报摘要】南海热带低压已生成，6日17时位于我市西南偏南方约825公里的海面上，未来将向西偏北方向移动，趋向海南南部海面。受其影响，我市（含深汕）8日下午起间歇性降雨趋于频密，强降雨时段较大可能在9日至10日，有大雨到暴雨，局部大暴雨。8-10日沿海、高地和海区最大阵风7-8级，部分时间伴有8-9级雷雨大风。11日风雨减弱。预计我台将于7日上午发布台风白色预警信号（或适时发布强季风蓝色预警信号），较大可能在9-10日发布暴雨黄色及以上预警信号。该南海热带低压有可能进一步加强，请关注我台发布的最新信息，请做好防御台风准备。深圳市气象台2021年10月06日17时10分发布"
"2021-10-07 17:50:00",165356,"【深圳天气提示】受南海热带低压外围环流和弱冷空气共同作用，8-10日有大雨到暴雨局部大暴雨和8-9级阵风。8日起间歇性降雨渐趋频密，间中短时强对流天气，主要强降雨较大可能在8日下午至9日；10日下午风雨减弱。天气转折，请注意防大风和强降水，特别是对上下班（学）早晚高峰影响。深圳市气象台2021年10月07日17时50分发布"
"2021-10-08 16:45:00",165436,"【深圳天气提示】受“狮子山”外围云系影响，9日有暴雨局部大暴雨和7-9级阵风，气温23-26℃；明显风雨天气在9日夜间减弱，10日午后趋于结束；11日转晴好天气；12-14日再转多雨天气。请注意做好大风和强降水的防御工作，特别是对上下班（学）早晚高峰影响。深圳市气象台2021年10月08日16时45分发布"
"2021-10-12 16:10:00",165816,"【深圳天气提示】受“圆规”和冷空气共同影响，12夜间至13日我市平均风6-8级阵风10-12级，沿海、高地和海面最大阵风11-13级。大风强度强、持续时间长、影响范围广。12日夜间降雨趋于频密，主要降雨时段在13日，并将持续至14日，累计雨量可达暴雨。需重点防范大风带来的风险以及持续降水引发的高地质灾害风险。深圳市气象台2021年10月12日16时10分发布"
"2021-10-13 16:15:00",166037,"【深圳天气提示】“圆规”已登陆，今天夜间风雨逐渐减弱，偏东风由8-9级渐减至6级左右，间歇性阵雨频密，局地可达暴雨，明天白天多云，有短时阵雨，气温23-30℃；15-19日以多云为主，其中17-18日受冷空气影响，最低气温降到20℃以下，早晚清凉。请继续注意防御今夜大风和强降水，以及地质灾害风险。深圳市气象台2021年10月13日16时15分发布"
"2021-10-14 15:50:00",166116,"【深圳天气提示】15日多云，有短时阵雨，25-30℃；16-18日受冷空气影响，风力加大，气温下降，渐转晴天干燥，早晚清凉，最低气温18℃，沿海、高地和海区最大阵风8级；19-20日晴天到多云。请注意防范短时阵雨，并关注周末冷空气大风和降温的影响。深圳市气象台2021年10月14日16时发布"
"2021-10-16 16:05:00",166216,"【深圳天气提示】受冷空气影响，17日多云间少云，沿海、高地和海区最大阵风8级左右，气温21-26℃；18日晴朗干燥，风力减弱，最低气温18℃左右；19-20日多云到晴天，气温逐日回升。21-23日受新一轮冷空气影响，有一次降雨降温过程。请注意防范冷空气大风和降温影响。深圳市气象台2021年10月16日16时05分发布"
"2021-10-17 16:00:00",166257,"【深圳天气提示】预计未来一周我市少雨、早晚清凉。其中周一晴天到多云，风力减弱，气温18-26℃；周二至周三，多云为主，气温回升；周四至周五受新一股冷空气影响，有小雨，气温下降，北风加大；周末阴天到多云，天气清凉。注意防范大风对海上活动和高空作业的影响；未来一周气温波动，注意及时添衣加被。深圳市气象台2021年10月17日16时发布"
"2021-10-19 15:45:00",166356,"【深圳天气提示】20日多云间晴天，气温22-29℃。21日受新一股冷空气影响，阴天转小雨，气温下降，夜间北风加大；22-23天色阴沉，间中有小雨，最低气温16-17℃，日温差小，体感阴凉；24日转多云天气，白天气温回升。本周后期气温变化幅度大，注意及时添衣加被；注意防范大风对海上活动和高空作业的影响。深圳市气象台2021年10月19日15时45分发布"
"2021-10-20 16:20:00",166397,"【深圳天气提示】21日白天云量增多，转小雨；21日夜间冷空气抵达，北风加大，气温明显下降，22-23日天色阴沉，间中有零星小雨，最低气温16-17℃，体感阴凉；24日白天转多云，气温回升。冷空气影响，气温变化幅度大，请加强疾病预防的宣传和管理，防范大风对海上活动和高空作业的影响。深圳市气象台2021年10月20日16时20分发布"
"2021-10-21 15:10:00",166497,"【深圳天气提示】21日夜间至23日阴天，偶有零星小雨，沿海、高地和海区最大阵风7-8级，气温继续下降，最低气温15-16℃；24日白天可见阳光，气温回升；25-26日晴天干燥。未来两天天色阴沉，风力强劲，体感阴凉，请注意添加衣物，高空作业和海上活动注意防风。深圳市气象台2021年10月21日15时10分发布"
"2021-10-23 16:00:00",166616,"【深圳天气提示】24日阴天转多云，初时有零星小雨，部分时间可见阳光，早晚较清凉，气温18-25℃；25-27日晴天到多云，可见阳光，天气温暖，空气较干燥；28日多云到阴天，29-30日晴到多云，天气温暖。周末早晚清凉，白天舒适，请注意添加衣物，高空作业和海上活动注意防风。深圳市气象台2021年10月23日16时00分发布"
"2021-10-25 16:10:00",166716,"【深圳天气提示】本周天气平稳，以多云天气为主，气温回升，其中26日多云间晴天，气温19-27℃。空气干燥，森林火险黄色预警信号生效中，注意做好防火安全管理。深圳市气象台2021年10月25日16时10分发布"
"2021-10-26 15:50:00",166756,"【深圳天气提示】本周天气平稳，持续干燥，气温小幅波动。27日多云到晴天，气温21-29℃；28-29日多云干燥；30-31日云量增多，偶有零星小雨，气温小幅下降。森林火险黄色预警信号生效中，注意做好防火安全管理。深圳市气象台2021年10月26日15时50分发布"
"2021-10-27 16:05:00",166817,"【深圳天气提示】本周我市天气平稳，气温小幅波动。28-29日多云为主，天气舒适，28日气温22-28℃；30-31日云量增多，偶有零星小雨，气温略降。11月1-3日多云，早晚清凉。森林火险黄色预警信号生效中，请继续做好防火安全管理。深圳市气象台2021年10月27日16时发布"
"2021-10-28 15:50:00",166857,"【深圳天气提示】未来七天天气平稳。其中29日多云，天气舒适，气温23-29℃；30-31日云量增多，偶有零星小雨，气温略降；11月1-2日多云，早晚清凉；3-4日晴天到多云，气温回升。森林火险黄色预警信号生效中，请继续做好防火安全管理。深圳市气象台2021年10月28日15时50分发布"
"2021-10-29 16:20:00",166896,"【深圳天气提示】周末清凉，下周舒适。30-31日阴天，有分散小雨，气温略降，30日气温22-26℃；11月1-2日多云间晴天，早晚清凉；3-5日多云，早晚有轻雾，气温回升。森林火险黄色预警信号生效中，请继续做好防火安全管理。深圳市气象台2021年10月29日16时20分发布"
"2021-10-30 15:40:00",166936,"【深圳天气提示】30日夜间阴天为主，偶有零星小雨，31日白天渐转多云，气温21-26℃；11月1-2日多云间晴天，早晚清凉，白天舒适；3-6日多云为主，早晚有轻雾，气温回升。森林火险黄色预警信号生效中，请继续做好防火安全管理。深圳市气象台2021年10月30日15时40分发布"
"2021-11-01 16:00:00",167017,"【深圳天气提示】2日多云间晴天，23-29℃；3-6日大致多云，气温回升，天气温暖，其中5-6日早晚有轻雾；展望7日受冷空气影响，转阴天有雨，北风加大，气温下降，天气明显转凉。森林火险黄色预警信号生效中，请继续做好防火安全管理。深圳市气象台2021年11月01日16时00分发布"
"2021-11-02 15:30:00",167056,"【深圳天气提示】3-6日多云为主，气温继续小幅上升，其中5-6日早晚有轻雾，3日气温23-28℃；7日冷空气抵达，转阴天有雨，北风加大，气温明显下降，天气寒凉；8-9日早晨最低气温降至16℃左右。请继续做好防火安全管理。深圳市气象台2021年11月2日15时30分发布"
"2021-11-03 15:55:00",167096,"【深圳天气提示】4日多云间晴天，气温23-28℃；5-6日大致多云，气温小幅回升，天气温暖，早晚有轻雾；7日受冷空气影响，转阴天有雨，北风加大，气温下降，天气明显转凉；8-9日阴天到多云，最高气温20℃左右，沿海、高地和海区最大阵风7-8级，体感清凉。森林火险黄色预警信号生效中，请继续做好防火安全管理。深圳市气象台2021年11月03日15时55分发布"
"2021-11-04 16:00:00",167136,"【深圳天气提示】5-6日多云，偶有分散小雨，早晚有轻雾，5日24-29℃；7日受强冷空气影响，阴天有小雨；8-9日阴天到多云，最低气温14-15℃，天气显著转凉，白天部分时间可见阳光，沿海、高地和海区最大阵风8-9级；10-11日天晴干燥，可见阳光，早晚清凉，日温差大。森林火险黄色预警信号生效中，请继续做好防火安全管理。深圳市气象台2021年11月04日16时00分发布"
"2021-11-05 15:55:00",167176,"【深圳天气提示】6日多云，早晚有轻雾，偶有分散小雨，气温24-30℃；7日午后受强冷空气影响，阴天有小雨，夜间气温明显下降；8日阴天转多云，天气显著转凉，最低气温15℃左右，沿海、高地和海区最大阵风8-9级；9-11日天晴干燥，最低气温13-14℃，早晚清凉，日温差大，最大阵风6-8级。请做好防火和防风措施，注意保暖。深圳市气象台2021年11月05日15时55分发布"
"2021-11-06 16:05:00",167216,"【深圳天气提示】6日夜间至7日白天，我市多云，7日傍晚转阴天有分散小雨，气温23-30℃；7日夜间起在强冷空气的影响下，阴天有分散小雨，北风加大，气温明显下降，8日早晨最低气温15℃左右，白天渐转多云，沿海和高地最大阵风8-9级；9-11日晴天干燥，早晚清凉，早晨最低气温降至13-14℃，白天阳光充足，昼夜温差大；展望12-13日晴天到多云，天气平稳。请继续做好防火安全管理，海上活动注意防风，下周明显转凉，及时添衣保暖。深圳市气象台2021年11月06日16时05分发布"
"2021-11-08 16:05:00",167296,"【深圳天气提示】9日受冷空气影响，多云间晴天，气温13-20℃，偏北风逐渐由夜间8级左右减弱到下午的6级左右。10-15日晴天间多云，空气干燥，气温逐渐回升，昼夜温差大，早晚清凉。请继续做好防风和防火安全管理。深圳市气象台2021年11月08日16时05分发布"
"2021-11-09 16:10:00",167336,"【深圳天气提示】10日晴天间多云，空气干燥，早晚清凉，气温15-23℃。11-16日干燥天气持续，气温逐渐回升，昼夜温差较大，早晚清凉。森林火险橙色预警生效中，请继续做好防火安全管理。深圳市气象台2021年11月09日16时10分发布"
"2021-11-10 16:00:00",167376,"【深圳天气提示】11-13日晴天间多云，空气非常干燥，气温逐渐回升，11日气温16-24℃；14-16日多云为主，偶有零星小雨，气温继续小幅回升，空气干燥。近期昼夜温差大，早晚清凉，请注意及时添减衣物，并继续做好防火安全管理。深圳市气象台2021年11月10日16时0分发布"
"2021-11-13 15:30:00",167496,"【深圳天气提示】14日晴天到多云，空气非常干燥，气温18-25℃；15-16日云量增多，气温继续回升；17日受弱冷空气影响，阴天间多云，偶有零星小雨，气温小幅下降；18-20日多云间晴天，早晚清凉。请继续做好防火安全管理。深圳市气象台2021年11月13日15时30分发布"
"2021-11-15 16:00:00",167576,"【深圳天气提示】16日多云，气温19-26℃；17-18日弱冷空气影响，阴天到多云，偶有零星小雨，气温略降1-2℃；19-21日多云，可见阳光，气温回升。21日夜间起新一股冷空气影响，阴天有小雨，北风加大，气温明显下降，下周前期天气寒凉。请继续做好防火安全管理。深圳市气象台2021年11月15日16时00分发布"
"2021-11-16 15:30:00",167616,"【深圳天气提示】17日白天多云为主，气温19-26℃，傍晚至18日上午受弱冷空气影响，偶有零星小雨，气温略降1-2℃；18日下午至21日多云到晴天，气温上升。21日夜间起新一股冷空气影响，阴天有小雨，北风加大，气温骤降，展望下周前期天气寒凉。请继续做好防火安全管理。深圳市气象台2021年11月16日15时30分发布"
"2021-11-17 16:15:00",167656,"【深圳天气提示】17日夜间至18日上午弱冷空气影响，多云间阴天，偶有零星小雨，18日午后渐转多云，气温19-25℃；19日至21日白天多云间晴天，气温上升；21日夜间起新一股冷空气影响，阴天有分散小雨，北风加大，气温骤降，展望下周前期天气寒凉。请继续做好防火安全管理深圳市气象台2021年11月17日16时15分发布"
"2021-11-18 16:10:00",167716,"【深圳天气提示】19-20日多云间晴天，气温逐日回升，19日气温气温19-27℃；21日多云转零星小雨； 21日夜间起新一股冷空气影响，阴天有小雨，北风加大，气温骤降，23-24日最低气温12-13℃，早晚寒凉。本周请继续做好防火安全管理。深圳市气象台2021年11月18日16时10分发布"
"2021-11-20 16:00:00",167796,"【深圳天气提示】21日晴天到多云，天气温暖，气温21-28℃；强冷空气将于22日凌晨至早晨抵达深圳，受其影响，我市阴天转小雨，气温明显下降，沿海、高地和海区最大阵风加大至8级左右，体感阴凉；23-24日空气干燥，北风减弱，早晨最低气温12-13℃，昼夜温差大；展望25-27日，晴天到多云，早晚仍较凉，气温缓慢回升。请做好防寒保暖和防范一氧化碳中毒等工作，同时防御大风及森林火灾。深圳市气象台2021年11月20日16时发布"
"2021-11-21 16:15:00",167836,"【深圳天气提示】下周前期受冷空气影响，周一阴天有小雨，气温由21℃持续下降到傍晚的14℃左右，偏北风清劲，沿海、高地和海区最大阵风8级左右，体感阴凉；周二到周三多云转晴天干燥，早晨最低气温12-13℃，昼夜温差加大，早晚寒凉；周四到周日晴天干燥，气温逐日回升，早晚较凉。请做好防寒保暖和防范一氧化碳中毒等工作，同时防御大风及森林火灾。深圳市气象台2021年11月21日16时15分发布"
"2021-11-22 16:15:00",167876,"【深圳天气提示】冷空气持续影响，22日夜间阴天有零星小雨，沿海高地和海区仍有6-8级阵风；23日白天渐转多云，可见阳光，风力减弱，气温12-19℃，早晚寒凉；24日晴天干燥，白天气温开始回升，日温差加大，早晚寒凉；25-29日干燥天气持续，气温逐日回升。请做好防寒保暖和防范一氧化碳中毒等工作，同时防御大风及森林火灾。深圳市气象台2021年11月22日16时15分发布"
"2021-11-23 15:30:00",167916,"【深圳天气提示】24日早晨为此次冷空气过程最冷时段，最低气温12℃，白天晴天干燥，气温开始回升，最高气温20℃，日温差加大；25-30日持续干燥天气，气温逐日回升为主。昼夜温差大，早晚寒凉，请及时添减衣物，持续干燥天气需防御森林火灾。深圳市气象台2021年11月23日15时30分发布"
"2021-11-24 15:50:00",167956,"【深圳天气提示】强冷空气对我市影响已结束。25日多云可见阳光，天气回暖，气温15-23℃；26-29日我市天气总体平稳，以多云到晴天天气为主，早晚较凉，昼夜温差大，气温小幅波动；展望30日起新一股冷空气影响，气温再次下降。请继续做好森林防火工作；气温波动，注意及时添减衣物。深圳市气象台2021年11月24日15时50分发布"
"2021-11-25 16:05:00",167996,"【深圳天气提示】26-29日我市天气总体平稳，大致天晴，空气干燥，早晚较凉，昼夜温差大，气温小幅波动，其中26日气温15-24℃；30日起新一股冷空气影响，北风加大，气温再次下降。请继续做好森林防火工作，注意及时添减衣物。深圳市气象台2021年11月25日16时05分发布"
"2021-11-26 15:00:00",168036,"【深圳天气提示】27-29日天气平稳，持续晴好干燥天气，早晚较凉，27日16-24℃，沿海和海区最大阵风6级；11月30日至12月1日受冷空气影响，北风加大，气温下降4℃左右，早晚寒凉；2-3日气温回升。请继续做好森林防火工作，昼夜温差大，注意及时添减衣物。深圳市气象台2021年11月26日15时0分发布"
"2021-11-27 16:05:00",168076,"【深圳天气提示】28-29日晴天干燥，沿海高地和海区最大阵风6级左右，日温差较大，28日气温17-26℃；11月30日至12月2日冷空气影响，北风加大，气温再度下降，早晚寒凉，空气极度干燥；3-4日干燥天气持续，气温回升，但早晚仍较凉。请继续做好森林防火工作，并关注下周初冷空气的影响。深圳市气象台2021年11月27日16时05分发布"
"2021-11-29 15:50:00",168176,"【深圳天气提示】受冷空气影响，30日清晨起北风加大，沿海高地和海区最大阵风8-9级，天气晴朗干燥，白天气温下降，午后最高气温23℃，傍晚最低气温17℃；12月1-2日晴天，空气极度干燥，偏北风逐渐减弱到阵风5-6级，气温逐日下降，2日最低气温10℃左右，早晚寒冷；3-4日持续晴天干燥，气温缓慢回升，早晚仍较冷。请做好相关防火、防风和防寒的工作。深圳市气象台2021年11月29日15时50分发布"
"2021-11-30 15:55:00",168216,"【深圳天气提示】受冷空气影响，30日夜间我市气温明显下降，沿海高地和海区最大阵风8-9级，12月1日早晨最低气温将降至12℃左右，白天晴朗干燥，最高气温19℃，1日夜间北风减弱；12月2-3日早晨最低气温进一步下降至10-11℃，空气极度干燥，昼夜温差大；展望4-6日持续晴天干燥，气温缓慢回升，早晚仍感寒凉。请做好防火、防风和防寒相关管理工作。深圳市气象台2021年11月30日15时55分发布"
"2021-12-01 16:10:00",168256,"【深圳天气提示】未来一周我市持续晴天干燥，早晚较冷 。其中2-3日晴天为主，空气极度干燥，昼夜温差大，早晨最低气温10-11℃，最高气温20-21℃；4-6日晴天干燥天气持续，气温缓慢回升，早晚仍较冷。展望7-8日新一股冷空气影响，气温小幅波动。请做好防火和防寒相关管理工作。深圳市气象台2021年12月01日16时10分发布"
"2021-12-03 15:40:00",168336,"【深圳天气提示】4-6日晴天干燥，气温缓慢回升，早晚较冷，4日气温13-21℃；7-9日晴天间多云，干燥天气持续，气温小幅波动。请继续做好防火和防寒相关管理工作。深圳市气象台2021年12月03日15时40分发布"
"2021-12-04 15:50:00",168376,"【深圳天气提示】未来我市持续天晴干燥。其中5-6日晴天间多云，5日气温14-22℃；7-9晴天干燥，气温小幅波动，早晚体感寒凉，白天阳光充足，昼夜温差大；展望10-11日晴天到多云，气温缓慢回升。请继续做好防火安全管理工作。深圳市气象台2021年12月04日15时50分发布"
"2021-12-05 16:05:00",168416,"【深圳天气提示】我市未来一周无明显冷空气，持续天晴干燥。周一气温14-23℃，白天舒适；周二到周四偏北风略增，最大阵风6级左右，气温略降1℃左右，早晚较冷；周五到周日，间中多云，气温逐日回升。森林火险红色预警持续生效，请继续做好防火安全管理工作。深圳市气象台2021年12月05日16时05分发布"
"2021-12-06 15:40:00",168456,"【深圳天气提示】我市未来一周持续干燥。7日晴天干燥，气温14-23℃，沿海、海区和高地阵风7级左右；8-9日气温小幅波动，早晚较冷；10-12日持续干燥，气温继续缓慢回升。森林火险红色预警持续生效，请继续做好防火安全管理工作。深圳市气象台2021年12月06日15时40分发布"
